player_id,pos,fleaflicker_id,espn_id,yahoo_id,sleeper_id
1,QB,17761,4685201.0,40220.0,9230
2,QB,17602,4685720.0,40029.0,9228
3,QB,17623,4361418.0,40068.0,9999
4,QB,17589,4432577.0,40030.0,9758
6,QB,17586,4429084.0,40040.0,9229
7,QB,17712,4259553.0,40153.0,10857
8,QB,17796,4373632.0,40185.0,9231
9,QB,17819,4427105.0,40272.0,10233
10,QB,17708,4243322.0,40144.0,10215
11,QB,17799,4240069.0,40290.0,10860
12,QB,17753,4367178.0,40195.0,10862
13,QB,17695,4260394.0,40138.0,10866
14,QB,17786,4360175.0,40188.0,10217
15,RB,17603,4430807.0,40055.0,9509
16,RB,17612,4429795.0,40059.0,9221
17,RB,17784,4685035.0,40243.0,9222
18,RB,17625,4429013.0,40095.0,9225
19,RB,17624,4428557.0,40119.0,9508
20,RB,18278,4430871.0,40742.0,9506
21,RB,17617,4429160.0,40118.0,9226
22,RB,17718,4429202.0,40165.0,9227
23,RB,17667,4426385.0,40075.0,9753
24,RB,17838,4427391.0,40267.0,10216
25,RB,17661,4599739.0,40108.0,9757
27,RB,17758,4570561.0,40198.0,10223
28,RB,17762,4362619.0,40231.0,10219
29,RB,17716,4426386.0,40162.0,10235
30,RB,17759,4431453.0,40240.0,9505
33,RB,17853,4430388.0,40285.0,9512
34,RB,17728,4569609.0,40169.0,9220
35,RB,17756,4362238.0,40196.0,9224
37,WR,17648,4692590.0,40128.0,9497
38,WR,17674,4362249.0,40063.0,10222
39,WR,17606,4430878.0,40041.0,9488
40,WR,17613,4429205.0,40042.0,9756
41,WR,17622,4688813.0,40126.0,9500
42,WR,17593,4429025.0,40051.0,9754
43,WR,17631,4686472.0,40090.0,9494
44,WR,17595,4429615.0,40039.0,9997
45,WR,17643,4369863.0,40093.0,10444
46,WR,17738,4432620.0,40234.0,9487
47,WR,17725,4429022.0,40224.0,9504
48,WR,17633,4428331.0,40084.0,10229
49,WR,17792,4428850.0,40201.0,9486
50,WR,17771,4362019.0,40242.0,10863
51,WR,17656,4426485.0,40073.0,10225
52,WR,18210,4429006.0,40671.0,9495
53,WR,17767,4426407.0,40223.0,9492
55,WR,17740,4686422.0,40232.0,10218
56,WR,17837,4372063.0,40279.0,10221
58,WR,17627,4366031.0,40097.0,9502
59,WR,17715,4565908.0,40565.0,9490
60,WR,17671,4360761.0,40121.0,10232
61,WR,17754,4368003.0,40211.0,10226
65,WR,17779,4426515.0,40168.0,9493
66,TE,17634,4429086.0,40065.0,9482
67,TE,17585,4385690.0,40048.0,10236
68,TE,17681,4430027.0,40064.0,10859
69,TE,17676,4428085.0,40074.0,9481
70,TE,17639,4430802.0,40094.0,9479
72,TE,17768,4372505.0,40193.0,10227
73,TE,17778,4426553.0,40164.0,10214
74,TE,17730,4362523.0,40180.0,10220
75,TE,17649,4372096.0,40061.0,10871
76,TE,17675,4572680.0,40102.0,9484
77,TE,17798,4361417.0,40255.0,9483
78,WR,18060,4426426.0,40514.0,11276
79,TE,17626,4430539.0,40078.0,9480
80,PK,17665,4372066.0,,10937
81,WR,17635,4428718.0,40114.0,10213
82,PK,17688,4363538.0,,10955
83,WR,17697,4362477.0,40133.0,10234
84,TE,17734,4360086.0,40182.0,10212
85,QB,17789,4259592.0,40173.0,10983
86,TE,17726,4426844.0,40226.0,10231
87,PK,17790,4242519.0,,11008
88,WR,17724,4427095.0,40222.0,9501
89,WR,17852,4373266.0,40281.0,11053
90,WR,17808,4250945.0,40263.0,11046
91,RB,17843,4428119.0,40260.0,9510
93,WR,17827,4692835.0,40257.0,11034
94,TE,17835,4360290.0,40261.0,10224
95,WR,17842,4879650.0,40251.0,11024
99,RB,18110,4372526.0,40570.0,10870
102,QB,18054,4434153.0,40504.0,11256
103,RB,17978,4362478.0,40430.0,11199
105,RB,18169,3149687.0,40625.0,11370
108,RB,18238,4722893.0,40696.0,11439
109,RB,18305,4383396.0,40780.0,
111,WR,18001,4360405.0,40452.0,10867
120,WR,17876,4690070.0,40313.0,11068
121,WR,18326,,40804.0,11528
123,RB,17900,4248909.0,40358.0,11114
124,PK,17934,4696736.0,,11145
126,WR,17992,4689334.0,40445.0,11210
127,PK,18330,3953687.0,,11533
128,WR,18085,4427278.0,40548.0,11306
133,WR,18091,4689988.0,40545.0,11311
135,TE,18170,4365395.0,40629.0,11371
140,RB,18234,4887558.0,40707.0,11435
147,PK,17834,4259619.0,,11058
149,QB,16877,4362874.0,34050.0,8164
150,QB,16811,4240703.0,33975.0,8160
151,QB,16987,4426875.0,34100.0,8162
152,QB,16845,4242512.0,34042.0,8161
154,QB,16908,4250360.0,34093.0,8157
155,QB,16880,4239086.0,34030.0,8159
156,QB,17045,4361741.0,34218.0,8183
157,QB,17024,4036419.0,34203.0,8206
165,RB,16834,4427366.0,33991.0,8155
166,RB,16920,4426891.0,34079.0,8153
167,RB,17004,4430737.0,34120.0,8150
168,RB,16890,4567048.0,33996.0,8151
169,RB,16993,4373626.0,34107.0,8132
170,RB,16974,4372019.0,34112.0,8143
171,RB,16918,4361777.0,34078.0,8139
172,RB,16839,4379399.0,34019.0,8138
173,RB,16875,4241474.0,34054.0,8154
174,RB,16914,4360238.0,34063.0,8129
175,RB,16972,4362748.0,34152.0,8208
176,RB,16946,4570674.0,34139.0,8174
177,RB,16913,4372071.0,34087.0,8123
178,RB,16882,4697815.0,34047.0,8136
180,RB,17020,4242431.0,34125.0,8230
182,RB,16957,4567246.0,34110.0,8179
183,RB,17188,4243003.0,34310.0,8195
184,RB,17486,4427728.0,34357.0,8122
190,RB,16909,4249836.0,34083.0,8116
191,RB,17007,4362087.0,34157.0,8221
195,RB,17413,4240603.0,34610.0,8800
199,RB,17137,4569987.0,34447.0,8228
203,RB,16886,4426475.0,34049.0,8211
205,RB,17011,4259169.0,34159.0,8189
206,RB,17029,4361529.0,34207.0,8205
208,WR,16823,4426502.0,33963.0,8112
209,WR,16803,4567156.0,33973.0,8135
210,WR,16798,4569618.0,33965.0,8146
211,WR,16824,4361370.0,33966.0,8144
212,WR,16821,4361409.0,33971.0,8119
214,WR,16869,4569587.0,33998.0,8126
215,WR,16863,4570409.0,34055.0,8118
216,WR,16849,4567096.0,33999.0,8147
218,WR,16947,4373678.0,34104.0,8134
219,WR,16859,4426354.0,34007.0,8137
220,WR,17266,4360306.0,34440.0,8140
221,WR,17200,,34224.0,8200
222,WR,16854,4430191.0,34009.0,8168
223,WR,16898,4035693.0,34027.0,8223
224,WR,16842,4360078.0,34008.0,8142
227,WR,17164,4245144.0,34319.0,8250
228,WR,17293,3926231.0,34378.0,8414
231,WR,17457,4259908.0,34534.0,8178
233,WR,16921,4243389.0,34094.0,8125
235,WR,16941,4361432.0,34088.0,8121
236,WR,16911,4362186.0,34081.0,8114
238,WR,16887,4689546.0,34061.0,8176
239,WR,17087,4242504.0,34601.0,8185
241,WR,17047,4259305.0,34185.0,8204
242,WR,17018,4382466.0,34147.0,8180
243,WR,16835,4362921.0,34005.0,8188
244,WR,16872,4249417.0,34044.0,8117
245,WR,16896,4248528.0,33989.0,8167
248,WR,16973,4360174.0,34158.0,8202
250,TE,16895,4361307.0,34010.0,8130
251,TE,16923,4241263.0,34084.0,8127
252,TE,16833,4361372.0,34057.0,8145
253,TE,16853,4367209.0,34036.0,8172
254,TE,16927,4361050.0,34095.0,8131
255,TE,16933,4242355.0,34085.0,8110
256,TE,16971,4241961.0,34163.0,8181
258,TE,16937,4243331.0,34062.0,8111
259,TE,16988,4361438.0,34105.0,8214
260,TE,16986,4241374.0,34154.0,8177
261,TE,16841,4241410.0,34029.0,8219
262,WR,17054,4027873.0,34214.0,8235
263,WR,16820,3052083.0,33953.0,8411
264,TE,16932,4361516.0,34068.0,8225
265,PK,16929,4428963.0,,8258
266,TE,16912,4360635.0,34099.0,8210
267,WR,16964,4248822.0,34118.0,8475
268,WR,16956,4367175.0,34119.0,8171
269,TE,16959,4374045.0,34126.0,8227
270,TE,17017,4361988.0,34133.0,8170
271,TE,16951,4722908.0,34148.0,8489
272,TE,16992,4379401.0,34169.0,8500
273,TE,16995,4034779.0,34174.0,8484
274,TE,17062,4249624.0,34183.0,8523
275,WR,17046,4401805.0,34189.0,8527
276,QB,17037,4044111.0,34197.0,8413
277,RB,17032,4036032.0,34206.0,8423
278,RB,17034,4260406.0,34216.0,8428
282,RB,17227,4367567.0,34451.0,8254
286,TE,17235,4360231.0,34654.0,8249
288,RB,17167,4360569.0,34320.0,8408
289,RB,17510,4259308.0,34617.0,8255
292,WR,17499,4374187.0,34520.0,8253
293,PK,17315,4362081.0,,8259
295,WR,17558,3676833.0,34709.0,8917
296,WR,17406,4572786.0,34592.0,8801
297,WR,17489,3929636.0,34356.0,8861
298,WR,17347,4035198.0,34571.0,8756
300,TE,17154,4056052.0,34278.0,8665
301,TE,17462,4047422.0,34513.0,8849
303,WR,17336,4247812.0,34330.0,8745
304,WR,17345,4036448.0,34579.0,8416
306,TE,17417,4258248.0,34607.0,8197
312,TE,17274,4259147.0,34374.0,8698
314,WR,17320,4032247.0,34407.0,8732
315,WR,17243,4032473.0,34659.0,8676
318,WR,17214,4245639.0,34285.0,8419
319,WR,17150,4242270.0,34276.0,8595
320,TE,17123,4250764.0,34637.0,8583
321,PK,17068,4036146.0,,8536
323,TE,16794,4916349.0,33950.0,8107
325,TE,17148,4242896.0,34274.0,8192
327,QB,16242,4360310.0,33389.0,7523
328,QB,16262,4362887.0,33399.0,7591
329,QB,16233,4361259.0,33390.0,7538
330,QB,16259,4383351.0,33391.0,7610
331,QB,16235,4241464.0,33403.0,7527
332,QB,16317,4034946.0,33452.0,7605
333,QB,16335,4240904.0,33454.0,7581
334,TE,16380,4034948.0,33729.0,7531
335,QB,16622,,33890.0,7555
336,QB,16365,4046678.0,33521.0,7589
338,QB,16702,4039034.0,33879.0,8002
340,QB,16404,4241820.0,33606.0,7583
342,QB,16280,4242546.0,33455.0,7585
343,RB,16241,4239996.0,33413.0,7543
344,RB,16246,4241457.0,33412.0,7528
345,RB,16480,4371733.0,33538.0,7567
346,RB,16282,4361579.0,33423.0,7588
347,RB,16323,4241401.0,33476.0,7593
348,RB,16618,4240657.0,33495.0,7607
349,RB,16339,4569173.0,33508.0,7611
350,RB,16630,4362452.0,33706.0,7537
351,RB,16361,4241416.0,33514.0,7594
352,RB,16577,4374033.0,33644.0,7599
353,RB,13728,4241555.0,33582.0,7561
354,RB,16568,,,7532
355,RB,16542,4259805.0,33643.0,7572
356,RB,16663,,,7560
358,RB,16501,4360802.0,,7563
359,RB,16773,4379504.0,,8085
360,RB,16453,4035826.0,33599.0,7609
361,RB,16552,4035886.0,33605.0,7608
362,RB,16433,4241205.0,33586.0,7574
363,RB,16607,,33692.0,7904
364,RB,16676,4040728.0,,7993
365,RB,16458,4046530.0,33590.0,7794
366,RB,16487,4239768.0,33724.0,7867
367,RB,16681,4240455.0,33798.0,7551
369,RB,16560,,33909.0,7549
371,WR,16250,4362628.0,33393.0,7564
372,WR,16253,4241478.0,33398.0,7525
373,WR,16327,4372485.0,33437.0,7601
374,WR,16236,4372016.0,33394.0,7526
375,WR,16350,4241424.0,33519.0,7595
376,WR,16427,4371974.0,33607.0,7534
377,WR,16373,4374302.0,33500.0,7547
378,WR,16265,4372414.0,33422.0,7596
379,WR,16251,4240600.0,33408.0,7606
380,WR,16281,4258173.0,33477.0,7569
381,WR,16551,4240661.0,33609.0,7586
382,WR,16309,4361577.0,33470.0,7587
383,WR,16248,4360939.0,33415.0,7571
384,WR,16617,,,7558
385,WR,16576,4240432.0,,7576
386,WR,16298,4371986.0,33479.0,7533
387,WR,16329,4239992.0,33473.0,7540
388,WR,16488,4259499.0,33592.0,7603
391,WR,16326,4360797.0,33445.0,7562
392,WR,16324,4043016.0,,7612
393,WR,16469,4360739.0,33567.0,7812
394,WR,16500,4047836.0,33575.0,7530
396,WR,16395,4047648.0,33630.0,7546
397,WR,16470,4043158.0,,7862
398,WR,16313,4362630.0,33447.0,7565
403,WR,16411,4242231.0,33593.0,7793
404,WR,16686,,,8008
406,WR,16429,4035465.0,33569.0,7541
407,WR,16402,4039307.0,33591.0,7556
408,WR,16647,,,7604
409,WR,16292,4242433.0,33465.0,7670
411,WR,16364,4243830.0,33517.0,7713
414,WR,16379,,,7579
415,WR,16645,4031033.0,33858.0,7956
416,WR,16485,4373642.0,33645.0,7751
417,WR,16575,,,7613
419,TE,16256,4360248.0,33392.0,7553
420,TE,16420,4362504.0,33535.0,7568
421,TE,16293,4361411.0,33443.0,7600
422,TE,16314,4372780.0,33471.0,7694
423,TE,16291,4240023.0,33485.0,7554
424,TE,16269,4239944.0,33469.0,7535
425,TE,16417,4040612.0,33533.0,7842
427,TE,16430,4240472.0,33550.0,7828
429,TE,16386,4044144.0,33705.0,7597
431,TE,16654,4244049.0,33819.0,7536
433,TE,16627,4746079.0,33556.0,7943
434,TE,16360,4048228.0,33512.0,7716
435,PK,16457,4360234.0,33537.0,7839
436,PK,16587,4243371.0,33781.0,7922
439,TE,16230,3148929.0,33386.0,7622
440,WR,16342,4036026.0,33497.0,7729
441,RB,16375,4035537.0,33507.0,7720
442,TE,16340,4039160.0,33515.0,7602
443,WR,16369,3932144.0,33529.0,7703
444,WR,16578,4240573.0,33545.0,7559
445,RB,13524,4048259.0,33571.0,7809
446,RB,16452,4258190.0,33572.0,7808
447,RB,16461,4245645.0,33584.0,7529
448,WR,16418,4037311.0,33597.0,7789
449,WR,16620,4589245.0,33620.0,7944
450,RB,16530,4036224.0,33621.0,7771
451,RB,16397,4037478.0,33632.0,7539
452,WR,16526,4035656.0,33637.0,7757
453,WR,16519,4068152.0,33642.0,7752
455,RB,16740,4390717.0,,8051
456,RB,16748,4820592.0,33793.0,8058
457,WR,16583,,33783.0,7552
458,RB,16504,4244732.0,33732.0,7741
459,TE,16675,4242369.0,33804.0,7992
466,RB,16463,,,7858
469,WR,16446,,,7901
470,PK,16225,3919602.0,33381.0,7617
471,RB,16574,,,7893
474,TE,16621,4034862.0,33891.0,7946
475,RB,16410,4242212.0,,7852
477,TE,16729,4608362.0,33803.0,8041
479,TE,16572,4242392.0,33774.0,7891
480,RB,16711,3929914.0,33901.0,8025
482,RB,16471,4069817.0,,7863
485,WR,16758,4040627.0,33921.0,8068
489,WR,16691,4245131.0,33649.0,8013
490,WR,17563,3914307.0,34712.0,8921
491,WR,16510,4244856.0,33745.0,7746
492,QB,15532,3915511.0,32671.0,6770
493,QB,15533,4241479.0,32675.0,6768
494,QB,15516,4038941.0,32676.0,6797
495,QB,15707,4035003.0,32792.0,6823
496,QB,15624,4240689.0,32837.0,6822
497,QB,15522,4036378.0,32696.0,6804
498,QB,15581,4040715.0,32723.0,6904
499,QB,15815,3915436.0,33207.0,7013
504,QB,15705,4035671.0,32993.0,7083
505,QB,15721,3914395.0,32795.0,7081
507,QB,16012,3675812.0,33258.0,7335
508,QB,15639,3124900.0,32859.0,7084
512,RB,15601,4259545.0,32705.0,6790
513,RB,15548,4035676.0,32756.0,6845
514,RB,15563,4240021.0,32722.0,6938
515,RB,15555,4241985.0,32725.0,6806
516,RB,15765,4242873.0,32892.0,6951
517,RB,15604,4242335.0,32711.0,6813
518,RB,15539,4242214.0,32702.0,6820
519,RB,15692,4241941.0,32794.0,6878
520,RB,15568,4239934.0,32732.0,6828
521,RB,15723,4034952.0,32790.0,6908
522,RB,15622,3910544.0,32782.0,7045
523,RB,15550,4036431.0,32763.0,7064
524,RB,15958,3116074.0,33153.0,7101
525,RB,15620,3917612.0,32746.0,6885
526,RB,15937,4243315.0,33265.0,6918
527,RB,15892,4038533.0,33098.0,7038
528,RB,16105,4052042.0,33138.0,6955
530,RB,15680,4240631.0,32814.0,6931
531,RB,15916,4239083.0,32972.0,6992
532,RB,16024,4039358.0,33235.0,6963
533,RB,15999,3916209.0,33297.0,7088
534,RB,16100,4035470.0,33126.0,7103
536,RB,15936,3928925.0,33199.0,6996
538,RB,15904,4038815.0,33100.0,7021
539,RB,15993,4362878.0,33161.0,7005
541,RB,15910,4042808.0,33179.0,7227
542,RB,16076,4039607.0,33028.0,6973
543,RB,16039,4046676.0,33114.0,6984
545,RB,15974,3916721.0,32926.0,6959
546,RB,15924,4042112.0,32966.0,7093
547,WR,15523,4241389.0,32687.0,6786
548,WR,15544,4241463.0,32685.0,6783
549,WR,15526,4241475.0,32682.0,6789
550,WR,15585,4239993.0,32703.0,6801
551,WR,15540,4262921.0,32692.0,6794
552,WR,15608,4240380.0,32716.0,6805
553,WR,15558,4243160.0,32712.0,6814
554,WR,15528,4241802.0,32691.0,6798
555,WR,15531,4360438.0,32695.0,6803
556,WR,15597,4046692.0,32719.0,6886
557,WR,15603,4035687.0,32704.0,6819
558,WR,15579,4259979.0,32750.0,6909
559,WR,15577,4038818.0,32751.0,6870
560,WR,15627,4243537.0,32798.0,6943
561,WR,15613,4035403.0,32729.0,6849
562,WR,15557,4039050.0,32762.0,6847
563,WR,15634,3916204.0,32871.0,6957
564,WR,15625,4242540.0,32877.0,6920
565,WR,15703,4035793.0,32836.0,6895
566,WR,15730,3915522.0,32890.0,6866
567,RB,15591,4360294.0,32736.0,6945
568,WR,15636,4039043.0,32835.0,6857
570,WR,15906,4040623.0,33039.0,6873
572,WR,15642,4258195.0,32857.0,6824
573,WR,15564,3930066.0,32727.0,6853
574,WR,16006,4046715.0,33253.0,7009
575,WR,15751,3886598.0,32887.0,7049
576,TE,16036,3929645.0,33113.0,7002
577,WR,15621,4037591.0,32821.0,6913
578,WR,15685,4029893.0,32812.0,6906
579,WR,15729,2310331.0,32831.0,6960
580,WR,15681,4034950.0,32884.0,7135
582,TE,15573,4258595.0,32713.0,6826
583,TE,15645,3918003.0,32806.0,6926
584,TE,15814,4036189.0,33208.0,6919
585,TE,15575,3911853.0,32775.0,6869
586,TE,15679,4242557.0,32803.0,6865
587,TE,15787,3915772.0,33064.0,6834
588,TE,15716,4035115.0,32788.0,6843
589,TE,16073,4243318.0,33186.0,6846
590,TE,15644,4040774.0,32785.0,6850
591,TE,15567,3914151.0,32764.0,7050
592,PK,16124,3915165.0,33211.0,7062
593,TE,15614,4046522.0,32761.0,6956
594,TE,15616,4240861.0,32771.0,7082
595,PK,15727,3913295.0,32829.0,7121
596,WR,15662,4373673.0,32838.0,7086
597,WR,15629,4248504.0,32841.0,7085
598,RB,15704,4040790.0,32842.0,7107
599,WR,15658,4040655.0,32843.0,7090
600,WR,15695,3916566.0,32846.0,7066
601,PK,15626,3917232.0,32858.0,7042
602,TE,15671,4035020.0,32860.0,7075
603,WR,15667,4050373.0,32870.0,6927
604,TE,15641,3914240.0,32876.0,7131
605,WR,15711,4054085.0,32882.0,6985
606,QB,15741,3895785.0,32901.0,7143
607,QB,15748,3791110.0,32910.0,7149
608,RB,15770,4040732.0,32915.0,6988
609,WR,15753,4039436.0,32916.0,7109
610,PK,15738,4038994.0,32918.0,7152
611,TE,15754,4035426.0,32921.0,6970
612,WR,15766,4034964.0,32922.0,7032
613,WR,16044,4035170.0,33109.0,6989
616,WR,15956,3917166.0,33132.0,7080
618,RB,15872,3895827.0,33006.0,7098
619,TE,15979,3917849.0,33329.0,7106
620,RB,15816,4039274.0,33088.0,7087
624,WR,16056,3915145.0,33242.0,7351
628,WR,15788,4052137.0,33066.0,7175
629,TE,15961,3916749.0,33151.0,7216
630,WR,16139,3929637.0,33023.0,7357
634,PK,15773,4035098.0,33343.0,7446
635,WR,15812,4044121.0,33209.0,7407
636,TE,15927,3930298.0,32970.0,7404
637,RB,16111,3917812.0,33123.0,7466
638,TE,16113,3930900.0,33124.0,7288
639,RB,16160,4035611.0,32987.0,7318
640,TE,15897,4036275.0,33101.0,6964
641,RB,16168,4040640.0,32975.0,7316
642,RB,15847,4039505.0,33357.0,7204
643,WR,16192,3929785.0,33348.0,7496
645,WR,16087,3916129.0,33020.0,7458
646,WR,16119,4374496.0,33215.0,7279
648,RB,15905,4038539.0,33099.0,7055
649,WR,15977,3700815.0,32929.0,7210
650,WR,15882,3917569.0,33302.0,7244
651,TE,16212,4036129.0,33367.0,7502
653,RB,15854,4040629.0,33359.0,7203
654,WR,16055,4041703.0,33236.0,7352
656,WR,15796,3919609.0,33063.0,7173
657,WR,15781,3910176.0,33349.0,7438
658,WR,16004,4245174.0,33299.0,7337
659,RB,16206,4683485.0,33188.0,7412
660,WR,15775,4057082.0,33351.0,7436
662,TE,16126,3929633.0,33315.0,7308
663,TE,15776,3675550.0,33340.0,7439
665,TE,15804,3916587.0,33286.0,7427
666,TE,16093,3923392.0,33171.0,6894
667,QB,15844,3926936.0,33279.0,7159
668,WR,16142,4241983.0,32948.0,7039
673,WR,16150,3886809.0,32943.0,7233
674,QB,14664,3917315.0,31833.0,5849
675,QB,14722,3924327.0,31874.0,5854
676,QB,14683,4040616.0,31847.0,5845
677,QB,14668,3917792.0,31838.0,5870
678,TE,14912,3916564.0,32415.0,6040
679,QB,14815,3116172.0,32029.0,5974
680,QB,14727,3115252.0,31932.0,5903
681,QB,14770,3892775.0,31965.0,6136
682,QB,14855,3116144.0,31999.0,6147
683,QB,15063,3722362.0,32221.0,6037
685,QB,14860,4038524.0,32010.0,6011
686,QB,14773,3042876.0,31936.0,5885
687,QB,14853,3120590.0,31998.0,6185
688,QB,14967,3116188.0,32272.0,6450
689,RB,14716,4035538.0,31905.0,5892
690,RB,14790,4035072.0,31954.0,6156
691,RB,14673,4047365.0,31856.0,5850
692,RB,14838,3932449.0,32026.0,6153
693,RB,14712,3925347.0,31919.0,5890
694,RB,14818,4035222.0,32014.0,6144
697,RB,14745,4045163.0,31885.0,6151
698,RB,14736,4040761.0,31906.0,6130
699,RB,14897,3886818.0,32066.0,5980
700,RB,14788,3931398.0,31944.0,5889
701,RB,14810,4037457.0,32036.0,6012
702,RB,15075,4035006.0,32148.0,5919
703,RB,14759,3916148.0,31960.0,5967
704,RB,14767,4038441.0,31945.0,5995
705,RB,14751,4039359.0,31902.0,5916
706,RB,14820,3705353.0,32043.0,5918
711,RB,14859,3923397.0,31972.0,6007
712,RB,14835,3915115.0,31986.0,6167
713,RB,14842,3915411.0,32018.0,6039
714,RB,15146,3699935.0,32390.0,6068
715,RB,14828,3123944.0,31984.0,6002
716,RB,15001,4035102.0,32502.0,6334
719,WR,14662,4047839.0,31864.0,5878
720,WR,14706,4047650.0,31896.0,5846
721,WR,14774,4035015.0,31958.0,5873
722,WR,14694,4047646.0,31883.0,5859
723,WR,14661,4241372.0,31857.0,5848
724,WR,14775,3917940.0,31935.0,5886
725,TE,14744,3931397.0,31889.0,5863
726,WR,14935,4037235.0,32523.0,5970
727,WR,14746,3121422.0,31908.0,5927
728,WR,14915,3871102.0,32418.0,6154
730,WR,14692,3121410.0,31891.0,5880
731,WR,14725,4035004.0,31888.0,5917
732,WR,14858,4036163.0,32038.0,5884
734,WR,14703,3115328.0,31899.0,5911
735,WR,15053,3894912.0,32511.0,6063
736,WR,15148,4039057.0,32494.0,5938
738,WR,14763,3916071.0,31952.0,6045
739,WR,14717,3914328.0,31894.0,5915
740,WR,14833,3916945.0,32003.0,6149
741,WR,14836,3135321.0,31981.0,5955
742,WR,14823,3124537.0,32006.0,5962
743,WR,14709,3932423.0,31925.0,5965
744,WR,14919,3915399.0,32447.0,6148
745,WR,14949,3916433.0,32231.0,5947
749,WR,14958,3699902.0,32469.0,6069
754,WR,14702,3126486.0,31868.0,5872
755,TE,14665,4036131.0,31852.0,5857
756,TE,14677,4036133.0,31840.0,5844
758,TE,14731,3917962.0,31907.0,6139
759,TE,14701,4040980.0,31882.0,6126
760,TE,14806,4044452.0,32008.0,6146
761,TE,14734,3930086.0,31928.0,5906
762,TE,14893,4035014.0,32056.0,5957
763,TE,14882,3932936.0,32086.0,6142
764,TE,14714,3127310.0,31884.0,6001
769,TE,14695,3933327.0,31918.0,6164
770,WR,14754,3932905.0,31898.0,5937
771,TE,14749,3921690.0,31901.0,5973
772,RB,14700,4048244.0,31934.0,5987
773,TE,14756,4039253.0,31953.0,6181
774,TE,14781,3843945.0,31969.0,5985
775,TE,14863,3929924.0,31973.0,6018
776,PK,14848,4249087.0,31977.0,6083
777,PK,14847,3821683.0,32002.0,6219
778,WR,14840,3139522.0,32016.0,6059
779,WR,14826,3128317.0,32019.0,6223
781,WR,14849,3914397.0,32040.0,6290
782,RB,14830,4361606.0,32046.0,6178
783,RB,14869,3122143.0,32052.0,6293
785,TE,14894,3122818.0,32060.0,6137
786,RB,14898,3843217.0,32065.0,6298
787,WR,14876,3933064.0,32068.0,6168
788,WR,14889,3915174.0,32069.0,5977
789,WR,14872,3917067.0,32079.0,6088
793,WR,15035,4061956.0,32292.0,6427
794,WR,15031,3917546.0,32293.0,5902
795,WR,15284,3120980.0,32342.0,6032
798,WR,15128,3126115.0,32367.0,6171
803,WR,15358,3120588.0,32378.0,6519
804,RB,15453,3139602.0,32608.0,6694
807,PK,14648,3048898.0,31831.0,6208
809,WR,15260,3932430.0,32201.0,6421
812,TE,15183,3912092.0,32456.0,6074
818,QB,14906,3886812.0,32138.0,6111
819,RB,14649,3115349.0,31826.0,6202
821,RB,15361,3123857.0,32383.0,6553
824,RB,15279,3917668.0,32344.0,6109
825,PK,15021,3128444.0,32174.0,6268
826,RB,14175,3116642.0,31302.0,5162
830,RB,15220,3914534.0,32541.0,6246
833,RB,15388,3886841.0,32559.0,6585
837,WR,15311,4249030.0,32283.0,6453
838,TE,14964,3948283.0,32273.0,6451
841,WR,15069,4422214.0,32189.0,6395
847,WR,15203,4408988.0,32488.0,6239
851,WR,15139,3119317.0,32137.0,6387
852,WR,14930,3931391.0,32438.0,6598
853,RB,15091,3122154.0,32140.0,6379
856,WR,15455,4424106.0,32612.0,6699
857,WR,15154,4411193.0,32398.0,6234
859,WR,15077,3929118.0,32533.0,6557
862,TE,15117,3118906.0,32364.0,6231
863,WR,15107,3917914.0,32123.0,6271
864,PK,15366,3124084.0,32384.0,6528
865,RB,15418,3127211.0,32439.0,6311
866,WR,15251,3917960.0,32187.0,6402
867,QB,15426,3127051.0,32581.0,6595
869,PK,14646,3127313.0,31808.0,5823
871,TE,15092,4411192.0,32142.0,6279
872,PK,15412,3150744.0,32417.0,6650
873,RB,15434,4421446.0,32596.0,6659
875,TE,15398,3940587.0,32576.0,6075
878,RB,15513,3693033.0,32669.0,6108
879,WR,15508,2974503.0,32664.0,6763
880,QB,15510,3040206.0,32662.0,6778
881,TE,15133,4408854.0,32600.0,6665
883,TE,15286,3121378.0,32551.0,6233
884,RB,15475,3925346.0,32630.0,6753
885,TE,15431,3144991.0,32588.0,6662
886,TE,15417,3138744.0,32442.0,6529
887,WR,12732,3115315.0,29973.0,3846
888,WR,13739,4294520.0,30959.0,4878
889,QB,13761,3918298.0,30977.0,4984
890,QB,13758,3052587.0,30971.0,4892
891,QB,13760,3886377.0,30980.0,4863
892,QB,13770,3912547.0,30973.0,4943
893,QB,13775,3916387.0,31002.0,4881
895,QB,13810,3116407.0,31046.0,4972
898,QB,13914,3051381.0,31141.0,5089
901,QB,13902,3049872.0,31078.0,4996
904,RB,13778,3929630.0,30972.0,4866
905,RB,13814,3843750.0,31029.0,4949
906,RB,13785,3912550.0,31008.0,5052
907,RB,13750,3128721.0,31001.0,4962
908,RB,13772,3139925.0,30997.0,4985
910,RB,13802,3128720.0,31005.0,4988
911,RB,14070,3932420.0,31567.0,5136
912,RB,13828,3916925.0,31013.0,5068
913,RB,13935,3116721.0,31135.0,5107
914,RB,14063,3052117.0,31379.0,5170
915,RB,13981,3126367.0,31206.0,5112
917,RB,13796,3122672.0,31041.0,5046
919,RB,13927,3915381.0,31145.0,5076
920,RB,14018,3116136.0,31221.0,5131
921,RB,13904,3128774.0,31100.0,4994
922,RB,13900,3916430.0,31074.0,5347
923,RB,14329,3115375.0,31500.0,5549
929,WR,13776,3925357.0,30996.0,4981
930,WR,13795,3128429.0,31010.0,5045
931,WR,13808,3122449.0,31030.0,5024
932,WR,14059,3128390.0,31268.0,5185
933,WR,13806,3895856.0,31017.0,4950
934,WR,13816,3127306.0,31014.0,4992
935,WR,13764,3915416.0,30994.0,4983
936,WR,13970,3728254.0,31155.0,5101
937,WR,13949,3932442.0,31177.0,5323
938,WR,13909,3123075.0,31180.0,5121
939,WR,13782,3050487.0,31021.0,5013
940,WR,13869,3915097.0,31075.0,5310
941,WR,13934,3728262.0,31157.0,5096
942,WR,13985,3921564.0,31223.0,5130
944,WR,13908,4035019.0,31194.0,5111
945,WR,13819,3128451.0,31061.0,5026
946,WR,13788,4036348.0,31051.0,5038
948,WR,14051,3932935.0,31624.0,5290
949,WR,13861,3057987.0,31083.0,4998
952,WR,13915,4036335.0,31178.0,5113
953,WR,14069,3054845.0,31601.0,5250
959,WR,14348,3043225.0,31391.0,5132
962,WR,13903,3915823.0,31073.0,5007
963,WR,13894,4040792.0,31102.0,5005
964,WR,14008,3115365.0,31226.0,5139
966,WR,13899,3120659.0,31129.0,5102
968,WR,13790,3115394.0,31031.0,4951
969,WR,14603,3115928.0,31777.0,5781
971,TE,13829,3116365.0,31056.0,5012
972,TE,13845,3116164.0,31012.0,4993
973,TE,13859,3045264.0,31126.0,5092
974,TE,13813,3121023.0,31019.0,5022
975,TE,13980,3915486.0,31220.0,5133
976,TE,13905,3052897.0,31093.0,5008
978,TE,13874,4045305.0,31071.0,4995
979,TE,13886,3123050.0,31077.0,5009
980,TE,13774,3924365.0,30995.0,4973
981,PK,13947,3051909.0,31137.0,5095
982,PK,13986,4034949.0,31482.0,5189
984,WR,14009,3122899.0,31210.0,5137
986,RB,13870,3119195.0,31104.0,5000
987,TE,13844,3128452.0,31068.0,5032
988,TE,14475,3127292.0,31090.0,5010
989,RB,13898,3123969.0,31096.0,5004
990,TE,13853,3117256.0,31107.0,5001
991,WR,13851,3118892.0,31114.0,5374
992,RB,13969,3051891.0,31139.0,5100
993,WR,13952,3051738.0,31144.0,5086
994,WR,13930,3895857.0,31148.0,5080
996,WR,13967,3115378.0,31164.0,5110
997,RB,13942,3051439.0,31171.0,5122
998,RB,13953,4261020.0,31174.0,5123
999,TE,13973,4035379.0,31181.0,5117
1000,QB,13910,3052450.0,31189.0,5120
1001,QB,13959,3128843.0,31190.0,5124
1003,PK,13977,3124679.0,31199.0,5119
1004,RB,14019,3125232.0,31207.0,5116
1005,QB,13983,3042749.0,31219.0,5128
1006,TE,14527,3122920.0,31127.0,5094
1007,RB,14211,3127335.0,31662.0,5163
1008,RB,14191,3051926.0,31424.0,5248
1010,TE,14361,3059766.0,31519.0,5277
1014,WR,14328,4036416.0,31496.0,5199
1016,RB,14185,3139033.0,31228.0,5209
1017,RB,14485,3126246.0,31457.0,5536
1019,QB,14311,3045169.0,31431.0,5257
1024,QB,14180,3115293.0,31301.0,5127
1026,WR,14357,3046401.0,31517.0,5134
1028,WR,14266,3155188.0,31588.0,5260
1032,WR,14106,3122168.0,31320.0,5154
1033,WR,14411,3115314.0,31405.0,5432
1035,PK,14337,3975763.0,31538.0,5272
1040,WR,14297,3115255.0,31641.0,5695
1042,WR,14390,3139456.0,31623.0,5289
1043,RB,14336,3122716.0,31537.0,5271
1044,TE,13415,3049698.0,30571.0,4435
1048,WR,14600,3047876.0,31769.0,5773
1052,PK,14050,3123052.0,31366.0,5230
1053,TE,14377,3120303.0,31329.0,5285
1057,WR,14500,3047968.0,31508.0,5570
1059,RB,14278,3045238.0,31258.0,5220
1061,RB,14471,3122976.0,31394.0,5284
1071,WR,14011,3053760.0,31227.0,5275
1073,WR,14163,3126002.0,31347.0,5241
1076,TE,14487,4329472.0,31427.0,5465
1077,TE,14300,3049290.0,31441.0,5171
1078,TE,14275,3050481.0,31257.0,5409
1080,TE,14581,3118954.0,31749.0,5754
1081,TE,14064,3051387.0,31478.0,5233
1082,TE,14425,3115360.0,31627.0,5196
1083,WR,14396,4048717.0,31607.0,5197
1084,QB,14627,3124092.0,31803.0,5806
1086,RB,14498,3040499.0,31510.0,5569
1087,WR,7263,3085107.0,28974.0,2821
1088,QB,12919,3122840.0,30125.0,4017
1089,QB,12954,3129302.0,30165.0,4026
1090,QB,12893,3039707.0,30115.0,3976
1091,QB,12894,3139477.0,30123.0,4046
1094,QB,13017,3044720.0,30248.0,4179
1095,QB,12959,3052600.0,30200.0,4061
1099,QB,13143,2972515.0,30788.0,4574
1100,QB,12960,2979520.0,30217.0,4127
1102,QB,13069,2972236.0,30284.0,4183
1103,RB,12929,3116593.0,30154.0,4029
1104,RB,12920,3115364.0,30117.0,3969
1105,RB,12892,3117251.0,30121.0,4034
1106,RB,12975,3116385.0,30161.0,4018
1107,RB,12965,3054850.0,30180.0,4035
1108,RB,13011,3116389.0,30227.0,4147
1109,RB,12987,3125116.0,30202.0,4111
1110,RB,13021,3045127.0,30253.0,4150
1111,RB,13165,3045260.0,30707.0,4651
1113,RB,12934,3059915.0,30199.0,4098
1114,RB,13040,2980453.0,30247.0,4149
1118,RB,12999,3127586.0,30275.0,4219
1119,RB,13100,3042494.0,30301.0,4263
1121,RB,12951,3045147.0,30218.0,4137
1123,RB,13581,2983509.0,30860.0,4718
1128,WR,12913,3042778.0,30118.0,4036
1129,WR,12890,3045138.0,30120.0,4068
1130,WR,12915,3052177.0,30122.0,4038
1131,WR,12950,3120348.0,30175.0,4040
1132,WR,12930,3121427.0,30153.0,4082
1133,WR,13052,3892889.0,30223.0,4146
1137,WR,13127,3124069.0,30350.0,4252
1138,WR,12926,3116165.0,30197.0,4037
1139,WR,12970,2977187.0,30182.0,4039
1140,WR,12996,3039725.0,30246.0,4162
1142,WR,12973,3059760.0,30185.0,4125
1143,WR,13029,3115306.0,30230.0,4171
1147,WR,13120,3121409.0,30352.0,4234
1151,WR,12937,3059722.0,30150.0,4080
1154,WR,13163,2980460.0,30679.0,4489
1158,WR,13027,3066074.0,30254.0,4175
1163,TE,12891,3043080.0,30132.0,4055
1164,TE,12906,3051876.0,30136.0,4066
1165,TE,13016,3045225.0,30258.0,4151
1167,TE,12904,3123076.0,30142.0,4033
1168,TE,12974,3054212.0,30213.0,4144
1169,TE,13012,2980073.0,30267.0,4221
1173,RB,13044,3139605.0,30256.0,4152
1174,WR,13034,3115330.0,30241.0,4160
1175,TE,12972,3918639.0,30157.0,4089
1178,RB,13038,3125403.0,30269.0,4187
1180,TE,12887,2998565.0,30112.0,4054
1181,TE,12933,4198676.0,30158.0,4085
1182,WR,12963,2974858.0,30209.0,4131
1185,WR,13008,2991662.0,30231.0,4177
1186,RB,13003,3066158.0,30232.0,4157
1187,TE,13023,3040151.0,30259.0,4217
1188,PK,13035,3050478.0,30266.0,4195
1189,WR,13024,3061612.0,30278.0,4198
1191,WR,13080,3128724.0,30285.0,4197
1192,TE,13110,2975863.0,30287.0,4189
1193,WR,13095,3040569.0,30290.0,4218
1194,RB,13111,3042519.0,30295.0,4199
1195,RB,13065,4212884.0,30305.0,4226
1198,PK,13085,3043234.0,30337.0,4233
1199,WR,13117,4212909.0,30339.0,4274
1200,PK,13124,3055899.0,30346.0,4227
1203,RB,13135,3052143.0,30355.0,4283
1204,RB,13141,3919596.0,30362.0,4273
1205,TE,13137,2972331.0,30364.0,4229
1206,WR,13179,2974339.0,30656.0,4416
1208,TE,13206,3040470.0,30577.0,4362
1215,WR,13209,3134353.0,30511.0,4351
1216,RB,13358,3049916.0,30552.0,4455
1219,TE,13168,3051806.0,30494.0,4531
1220,RB,13428,3048680.0,900125.0,4349
1224,TE,13175,3125404.0,30661.0,4421
1228,PK,13324,3049899.0,30426.0,4666
1229,RB,13325,3068267.0,30423.0,4663
1233,TE,13503,3046705.0,30763.0,4678
1234,WR,13261,3071572.0,30396.0,4622
1237,QB,13341,3051308.0,30538.0,4335
1238,WR,13364,3045523.0,30551.0,4454
1241,TE,13653,2468609.0,30614.0,4381
1243,TE,13489,2975674.0,30777.0,4602
1249,TE,13269,4081127.0,30468.0,4468
1250,RB,13557,2970090.0,30850.0,4696
1254,WR,13333,2978109.0,30502.0,4319
1255,WR,9552,3054970.0,30861.0,4719
1256,WR,13469,3046399.0,30682.0,4491
1262,WR,13594,3894883.0,30637.0,4451
1266,TE,13216,2991767.0,30784.0,4571
1268,WR,13177,3115443.0,30660.0,4420
1270,WR,13732,3052056.0,30955.0,4854
1271,WR,13616,3040035.0,30715.0,6744
1272,WR,13592,2973626.0,30513.0,4344
1273,TE,13665,4212989.0,30891.0,4741
1274,TE,13450,2972240.0,30594.0,4536
1276,PK,10038,16486.0,27369.0,4958
1278,TE,13239,3052096.0,30373.0,4314
1279,QB,13194,3059989.0,30563.0,4464
1280,TE,13377,2971281.0,30627.0,4443
1281,WR,13280,4217370.0,30111.0,4050
1284,WR,13715,3049329.0,30940.0,4828
1286,TE,13599,2980120.0,30740.0,4647
1287,QB,12032,2573079.0,29236.0,3161
1288,QB,12102,3046779.0,29235.0,3163
1293,QB,12079,2578570.0,29325.0,3257
1297,QB,12159,2577417.0,29369.0,3294
1298,QB,12232,2574511.0,29435.0,3357
1300,QB,12216,2574630.0,29441.0,3362
1302,RB,12025,3051392.0,29238.0,3164
1303,RB,12042,3043078.0,29279.0,3198
1304,RB,12059,2980148.0,29324.0,3204
1305,RB,12164,3046409.0,29405.0,3327
1306,RB,12151,3122866.0,29370.0,3209
1307,RB,12101,2979843.0,29307.0,3242
1311,RB,12114,3060022.0,29384.0,3306
1312,RB,9833,2980077.0,29390.0,3312
1313,RB,12138,3042429.0,29387.0,3309
1314,RB,12499,3051902.0,29560.0,3594
1316,RB,12135,2573974.0,29353.0,3280
1322,WR,12017,3051889.0,29257.0,3155
1324,WR,12023,3052876.0,29255.0,3157
1325,WR,12035,2576019.0,29256.0,3178
1327,WR,12051,3045144.0,29288.0,3225
1329,WR,12096,2976316.0,29281.0,3199
1333,WR,12223,3042910.0,29406.0,3328
1334,WR,12125,2982828.0,29374.0,3297
1335,WR,12058,2976592.0,29274.0,3200
1337,WR,12141,3048897.0,29351.0,3278
1342,WR,12353,3115913.0,29719.0,3503
1351,WR,12172,3123986.0,29440.0,3652
1352,TE,12088,3046439.0,29269.0,3214
1353,TE,12069,3043275.0,29315.0,3202
1354,TE,12140,2573401.0,29344.0,3271
1356,TE,12056,2576399.0,29328.0,3258
1366,WR,12153,2576581.0,29341.0,3269
1368,WR,12106,3043116.0,29360.0,3286
1369,TE,12109,2566659.0,29372.0,3296
1371,WR,12197,3116406.0,29399.0,3321
1372,RB,12192,2974317.0,29410.0,3332
1373,TE,12170,2580330.0,29411.0,3333
1375,WR,12182,2577641.0,29420.0,3342
1376,QB,12165,2979501.0,29421.0,3343
1380,RB,12191,2576450.0,29432.0,3354
1386,RB,12247,3002265.0,29470.0,3391
1391,RB,12134,2577654.0,29377.0,3300
1393,TE,12342,2576854.0,29789.0,3496
1394,PK,12347,2971573.0,29792.0,3451
1404,RB,12382,2978124.0,29872.0,3488
1432,RB,12761,2972091.0,30000.0,3868
1433,WR,12334,2977800.0,29703.0,3433
1440,WR,12482,2574918.0,29854.0,3614
1442,RB,12694,4012556.0,29951.0,3832
1445,RB,12834,2983319.0,30061.0,3934
1446,WR,12361,2574808.0,29785.0,3423
1449,WR,12459,2983209.0,29609.0,3582
1459,TE,11114,2531358.0,28365.0,3048
1460,PK,12611,2985659.0,29754.0,3678
1473,WR,12441,2973405.0,29631.0,3634
1475,RB,12572,2572861.0,29650.0,3664
1476,RB,12691,2575965.0,29906.0,3803
1477,PK,12578,3068939.0,29949.0,3827
1481,WR,12332,2971718.0,29678.0,3445
1482,TE,13208,3052166.0,30523.0,4323
1485,WR,12788,2578369.0,30023.0,3895
1486,WR,12745,2978308.0,29978.0,3852
1487,WR,13354,2971830.0,30531.0,4330
1489,TE,12789,2987440.0,30024.0,3894
1492,TE,12540,2970262.0,29666.0,3695
1493,PK,12684,3135726.0,29915.0,3805
1496,QB,11183,2969939.0,28389.0,2306
1497,QB,11184,2576980.0,28390.0,2307
1498,QB,11300,2577189.0,28535.0,2450
1506,RB,11182,2977644.0,28398.0,2315
1507,RB,11180,2576434.0,28403.0,2320
1508,RB,11188,2979477.0,28461.0,2378
1509,RB,11216,2976516.0,28424.0,2341
1510,RB,11323,2573300.0,28537.0,2452
1511,RB,11207,2576336.0,28442.0,2359
1513,RB,11201,2969962.0,28465.0,2382
1520,RB,11373,3025433.0,28514.0,2431
1527,RB,11187,2508176.0,28474.0,2391
1530,WR,11177,2976499.0,28392.0,2309
1531,WR,11170,2576623.0,28402.0,2319
1532,WR,11158,3042435.0,28395.0,2312
1536,WR,11178,2971618.0,28408.0,2325
1537,WR,11231,2576395.0,28425.0,2342
1539,WR,11398,2576716.0,28493.0,2410
1541,WR,11329,2976212.0,28534.0,2449
1542,WR,11242,2577327.0,28457.0,2374
1543,WR,11167,2579604.0,28417.0,2334
1551,WR,11156,2972460.0,28414.0,2331
1559,TE,11194,2977609.0,28429.0,2346
1560,TE,11191,2970726.0,28443.0,2360
1565,TE,11366,2979590.0,28548.0,2463
1566,TE,11199,2582410.0,28473.0,2390
1567,TE,11371,2514206.0,28505.0,2422
1570,WR,11217,2578533.0,28464.0,2381
1573,RB,11213,2577134.0,28482.0,2399
1574,TE,11261,2576925.0,28592.0,2505
1578,TE,11331,2508256.0,28531.0,2446
1579,TE,11276,2574576.0,28545.0,2460
1580,WR,11254,2515759.0,28547.0,2462
1581,RB,11295,2515270.0,28556.0,2471
1582,TE,11257,2574591.0,28559.0,2474
1583,TE,11321,2508079.0,28561.0,2476
1601,TE,11287,3046704.0,28634.0,2545
1602,QB,11294,2511109.0,28638.0,2549
1604,RB,11724,2570986.0,28990.0,2588
1609,WR,11504,2587819.0,28691.0,2583
1612,WR,11603,2580216.0,28947.0,2750
1635,PK,11498,2998120.0,28685.0,2671
1649,RB,11526,2512197.0,28718.0,2892
1651,RB,11455,2576414.0,28654.0,2749
1657,WR,11507,2577667.0,28730.0,2673
1661,QB,11615,2565969.0,28839.0,2711
1665,WR,11826,2576491.0,29070.0,2822
1672,TE,11874,2519013.0,29102.0,2751
1678,TE,11978,3936647.0,29208.0,3041
1682,TE,11459,2511973.0,28658.0,2755
1684,PK,12817,2582139.0,30038.0,3909
1685,QB,10240,16728.0,27560.0,2152
1687,QB,10236,16724.0,27531.0,1979
1688,QB,10458,16810.0,27692.0,1895
1689,QB,10315,16757.0,27564.0,2028
1692,TE,10353,16813.0,27648.0,2251
1702,RB,10335,16777.0,27585.0,2257
1705,RB,10324,16944.0,27631.0,2168
1713,RB,10490,17133.0,28014.0,1901
1715,WR,10256,16725.0,27532.0,1817
1716,WR,10252,16737.0,27535.0,2216
1717,WR,10303,16787.0,27567.0,1987
1718,TE,10254,16730.0,27556.0,2182
1719,WR,10242,16731.0,27548.0,2197
1720,WR,10295,16800.0,27581.0,2133
1721,WR,10318,16763.0,27570.0,1800
1722,WR,10302,16791.0,27618.0,1971
1723,WR,10305,16799.0,27589.0,1992
1724,WR,10243,16733.0,27540.0,2078
1725,WR,10307,16790.0,27591.0,1825
1726,WR,10284,16781.0,27573.0,2279
1733,WR,10415,16886.0,27646.0,1916
1740,TE,10257,16732.0,27538.0,2118
1749,TE,10823,16974.0,27789.0,1793
1751,RB,10475,16913.0,27658.0,1848
1756,WR,10291,16793.0,27584.0,2004
1757,QB,10311,16760.0,27590.0,1837
1758,RB,10310,16782.0,27624.0,2161
1760,WR,10263,16804.0,27619.0,2238
1762,TE,10296,16786.0,27626.0,2146
1772,WR,10427,16899.0,27737.0,1854
1774,QB,10449,16809.0,27742.0,2229
1785,RB,10924,17359.0,28115.0,1833
1789,WR,10895,17051.0,28046.0,2025
1823,WR,10839,17177.0,27874.0,1984
1826,WR,10593,16995.0,27826.0,2003
1830,PK,10779,17372.0,28188.0,1945
1832,WR,9891,16460.0,27277.0,1689
1837,PK,10888,17427.0,28227.0,2020
1839,PK,9754,16339.0,27120.0,1433
1840,WR,10707,17258.0,28026.0,1911
1845,RB,10966,17421.0,28223.0,2114
1846,PK,10813,17082.0,27911.0,1974
1851,WR,10695,17437.0,28234.0,1903
1867,TE,10991,17453.0,28267.0,2214
1871,PK,11124,2473037.0,28378.0,2747
1874,WR,11039,17402.0,28214.0,2039
1880,WR,11005,17463.0,28279.0,5828
1883,QB,9372,15864.0,26662.0,1373
1884,QB,9507,15948.0,26721.0,1338
1885,QB,9390,15837.0,26696.0,1559
1903,QB,9781,16252.0,27170.0,1612
1910,RB,9419,15921.0,26805.0,1546
1915,RB,9426,15971.0,26813.0,1387
1919,RB,9552,15966.0,26777.0,1502
1921,RB,9445,15994.0,26822.0,1517
1925,RB,9378,15825.0,26671.0,1408
1926,RB,9341,15826.0,26660.0,1386
1945,WR,9328,15786.0,26631.0,1567
1954,WR,9380,15818.0,26699.0,1479
1957,RB,9317,15807.0,26652.0,1535
1959,WR,9492,16016.0,26767.0,1555
1960,WR,9338,15880.0,26664.0,1352
1964,WR,9311,15795.0,26650.0,1426
1971,WR,9337,15839.0,26701.0,1346
1976,TE,9360,15847.0,26686.0,1466
1979,TE,9376,15835.0,26658.0,1339
1980,TE,9395,15860.0,26708.0,1500
1982,TE,9305,15788.0,26644.0,1388
1984,TE,9407,15980.0,26756.0,1642
1989,TE,9384,15853.0,26678.0,1587
1996,RB,9410,16002.0,26753.0,1379
1997,TE,9536,16121.0,26781.0,1603
1999,PK,9416,15965.0,26800.0,1348
2000,RB,9504,15920.0,26804.0,1476
2003,TE,9458,15887.0,26824.0,1425
2023,QB,9458,16140.0,26949.0,1550
2026,TE,9787,16318.0,27174.0,1619
2029,RB,9700,16040.0,26878.0,1451
2051,TE,9990,16504.0,27299.0,1706
2053,TE,9851,16143.0,26950.0,1777
2068,WR,7789,14269.0,25120.0,2291
2080,QB,8382,14874.0,25711.0,1111
2081,QB,8628,14875.0,25712.0,1169
2082,QB,8514,14876.0,25718.0,1049
2083,QB,8445,14878.0,25732.0,1085
2084,QB,8562,14877.0,25798.0,1029
2085,QB,8625,14880.0,25812.0,1166
2088,QB,8598,14881.0,25785.0,1234
2093,RB,8512,14886.0,25807.0,1048
2095,RB,8954,14889.0,26006.0,1033
2096,RB,8583,14890.0,25771.0,1225
2097,RB,8572,14896.0,,
2099,RB,8596,14894.0,25816.0,1232
2104,WR,8381,14907.0,,1114
2105,WR,8622,14909.0,25730.0,1097
2107,WR,8422,14912.0,25755.0,1149
2108,WR,8432,14922.0,25793.0,1071
2114,WR,8493,14924.0,25802.0,1110
2117,WR,8462,14919.0,25764.0,1154
2119,WR,8525,14918.0,25828.0,1215
2120,WR,8605,14914.0,25743.0,1208
2122,WR,8437,15062.0,25810.0,1077
2123,WR,8429,15072.0,25876.0,1067
2126,WR,9001,15230.0,,7509
2127,TE,8485,14901.0,25774.0,1105
2129,TE,8576,14904.0,25820.0,1139
2133,WR,8550,14910.0,25753.0,1054
2134,TE,8374,14871.0,,
2136,WR,8584,14947.0,25740.0,1226
2137,RB,8456,14895.0,25777.0,1123
2139,WR,8506,14923.0,25817.0,1133
2140,TE,8425,15000.0,,1152
2141,WR,8481,14916.0,25831.0,1102
2145,TE,8621,15067.0,,1073
2148,PK,8478,15091.0,25871.0,1099
2150,PK,8608,14993.0,25881.0,1266
2151,RB,8630,15009.0,25883.0,1170
2152,PK,8524,15058.0,25885.0,1214
2158,RB,8614,15127.0,,
2161,WR,8569,15118.0,,
2166,TE,8571,15043.0,25950.0,1091
2168,WR,8551,14991.0,,
2169,TE,8443,15055.0,25957.0,1314
2177,WR,8831,15358.0,26083.0,1173
2179,RB,9114,15478.0,26389.0,1034
2185,TE,8938,15403.0,26416.0,1718
2190,QB,8800,15168.0,26483.0,1737
2191,WR,8952,15624.0,26004.0,1030
2192,WR,8692,15197.0,,
2194,WR,8662,15503.0,26456.0,1061
2198,WR,9235,15705.0,26561.0,1244
2199,RB,8739,15369.0,26064.0,1284
2208,WR,8735,15349.0,26060.0,1144
2210,PK,8663,15683.0,26534.0,1264
2212,RB,8904,15457.0,26024.0,1185
2217,RB,8847,15548.0,,
2225,WR,8835,15327.0,,
2228,WR,8034,14478.0,,
2233,RB,8955,15572.0,26007.0,1293
2236,WR,8844,15555.0,26108.0,1312
2237,WR,8189,14610.0,25144.0,1313
2241,WR,9099,15448.0,26335.0,1321
2247,TE,9287,15773.0,26612.0,1592
2273,WR,7369,13983.0,24791.0,830
2274,QB,7368,13987.0,24797.0,862
2275,QB,7428,14037.0,24861.0,810
2276,WR,7372,13982.0,24793.0,947
2277,QB,7378,13994.0,24788.0,954
2278,RB,7371,13981.0,24815.0,956
2280,RB,7426,14052.0,,
2282,WR,7423,14040.0,,
2284,QB,7380,13966.0,24799.0,941
2288,RB,7566,14193.0,24932.0,949
2289,RB,7597,14186.0,24970.0,895
2291,RB,7450,14017.0,24843.0,814
2292,RB,7483,14077.0,,
2296,WR,7401,14053.0,24851.0,928
2298,WR,7491,14190.0,24910.0,822
2299,WR,7439,14035.0,24865.0,966
2300,TE,7444,14054.0,24830.0,943
2301,QB,7404,14012.0,24822.0,829
2303,TE,7425,14007.0,24834.0,964
2305,TE,7416,14009.0,24856.0,971
2306,RB,7443,14028.0,24860.0,811
2308,RB,7413,14055.0,,
2310,TE,7589,14099.0,24891.0,963
2312,WR,7492,14095.0,24894.0,990
2317,RB,7539,14130.0,,
2318,RB,7526,14167.0,24912.0,886
2319,RB,7561,14129.0,24913.0,818
2321,RB,7507,14188.0,,
2322,WR,7558,14150.0,,
2323,RB,7601,14115.0,,
2324,RB,7580,14135.0,24923.0,973
2326,WR,7550,14153.0,24935.0,887
2327,RB,7535,14198.0,24936.0,788
2329,WR,7530,14151.0,24940.0,817
2330,TE,7556,14156.0,24942.0,918
2331,TE,7585,14215.0,24946.0,812
2333,WR,7599,14131.0,24954.0,832
2335,WR,7508,14100.0,24963.0,902
2338,QB,7592,14163.0,24967.0,827
2341,TE,7502,14085.0,24991.0,868
2344,TE,7591,14213.0,25005.0,934
2346,RB,7578,14087.0,,
2350,RB,7465,14065.0,,
2353,RB,7509,14104.0,,
2354,TE,7461,14102.0,,882
2360,TE,7832,14306.0,,
2364,PK,8288,14816.0,25648.0,1287
2367,RB,8205,14587.0,,
2371,WR,7778,14223.0,,860
2373,WR,7771,14304.0,,
2382,PK,8027,14322.0,25427.0,899
2384,WR,8153,14570.0,,
2388,RB,8022,14761.0,,
2390,RB,8297,14625.0,,906
2392,TE,8249,14434.0,25223.0,984
2394,WR,7869,14221.0,25105.0,988
2395,RB,7787,14255.0,25117.0,863
2397,WR,8012,14537.0,,
2400,TE,7751,14217.0,,
2403,WR,8128,14295.0,,
2406,WR,7348,13958.0,24774.0,831
2412,TE,8095,14400.0,,
2416,WR,8219,14403.0,25234.0,940
2417,RB,7835,14358.0,,
2420,WR,8287,14818.0,25658.0,945
2423,RB,7966,14518.0,25481.0,913
2425,WR,7752,14319.0,,
2428,WR,8139,14500.0,25312.0,1306
2433,TE,7784,14246.0,,
2434,WR,8246,14402.0,25178.0,1329
2436,RB,8213,14360.0,25238.0,936
2437,RB,8375,14870.0,25706.0,1250
2438,RB,7827,14257.0,,
2441,RB,8127,14294.0,,
2450,TE,6690,13357.0,24208.0,626
2451,TE,6695,13360.0,,
2456,RB,6733,13407.0,24229.0,747
2458,RB,7023,13613.0,,
2459,QB,6779,13714.0,,
2461,WR,7150,13776.0,,
2462,WR,6830,13498.0,,
2465,RB,6834,13536.0,24262.0,736
2469,RB,7122,13653.0,,
2471,RB,7211,13727.0,,
2473,RB,6543,12764.0,,
2474,WR,7039,13621.0,24272.0,506
2479,WR,6881,13553.0,24553.0,719
2483,QB,6923,13576.0,,
2484,WR,7031,13616.0,24280.0,511
2486,RB,7183,13574.0,,
2487,WR,6984,13602.0,,
2494,TE,7049,13629.0,,
2498,TE,7009,13698.0,,
2501,WR,6911,13568.0,,
2504,RB,7100,13642.0,,
2506,WR,7079,13637.0,,
2517,TE,6845,13538.0,24431.0,1014
2518,RB,7342,13945.0,24769.0,1001
2529,WR,6811,13524.0,24435.0,570
2530,QB,6558,13197.0,23976.0,621
2532,RB,6578,13203.0,23984.0,507
2533,WR,6559,13215.0,23999.0,574
2534,WR,6642,13217.0,24035.0,642
2537,RB,6557,13205.0,,
2539,WR,6703,13221.0,,
2540,RB,6568,13204.0,23987.0,571
2542,RB,6624,13207.0,24011.0,564
2544,TE,6580,13200.0,24000.0,559
2545,WR,7153,13667.0,,
2546,QB,6729,13202.0,,
2550,RB,6608,13211.0,24026.0,604
2552,QB,6850,13682.0,,
2553,WR,6581,13216.0,23997.0,560
2555,WR,6746,13222.0,24153.0,534
2557,WR,6659,13227.0,,
2559,QB,6625,13199.0,24060.0,533
2561,TE,6611,13229.0,24017.0,515
2562,RB,6641,13210.0,,1004
2563,RB,6612,13208.0,,
2564,TE,6604,13272.0,24045.0,701
2565,WR,6636,13295.0,24057.0,538
2566,WR,6634,13226.0,24063.0,627
2567,WR,6607,13275.0,,
2568,WR,6633,13223.0,,
2569,TE,6628,13289.0,24068.0,565
2570,TE,6610,13232.0,24070.0,616
2572,WR,6692,13224.0,24082.0,999
2573,TE,6759,13231.0,24089.0,527
2574,TE,6705,13371.0,24093.0,543
2578,RB,6675,13341.0,24115.0,520
2581,WR,6762,13442.0,,
2582,WR,6678,13225.0,24135.0,582
2587,RB,6688,13212.0,,727
2590,RB,6724,13398.0,,
2591,TE,6664,13326.0,,
2593,RB,6782,13214.0,24169.0,762
2594,WR,6660,13934.0,24171.0,536
2595,WR,6714,13386.0,24173.0,1003
2596,WR,6701,13367.0,,
2597,QB,6799,13484.0,24175.0,606
2601,TE,6438,12533.0,,
2602,RB,6552,,,
2604,QB,7303,12475.0,,
2605,RB,6432,13158.0,9707.0,609
2613,RB,5751,,,
2619,WR,6047,12563.0,9274.0,455
2621,QB,6038,12483.0,9265.0,421
2626,TE,6057,12549.0,9284.0,465
2627,RB,6090,12514.0,9317.0,676
2629,WR,6044,12570.0,9271.0,394
2630,TE,6135,12536.0,9362.0,352
2631,RB,6064,12489.0,9291.0,377
2632,RB,6102,12500.0,,348
2635,WR,6067,12556.0,9294.0,366
2636,RB,6232,12493.0,,
2638,TE,6126,12537.0,9353.0,367
2639,TE,6137,12532.0,,
2640,TE,6189,12535.0,9416.0,372
2641,WR,6073,12592.0,,
2645,RB,6111,12491.0,,
2646,WR,6119,12602.0,,
2647,WR,6120,12597.0,9347.0,346
2648,WR,6121,12601.0,9348.0,365
2650,WR,6124,12599.0,,
2652,WR,6136,12571.0,,
2655,WR,6145,12568.0,9372.0,339
2656,RB,6148,12499.0,,
2657,TE,6158,12547.0,,
2659,WR,6161,12585.0,9388.0,396
2660,WR,6164,12561.0,,
2662,RB,6166,12490.0,,
2663,RB,6171,12507.0,,
2666,RB,6182,12508.0,,
2669,WR,6197,12566.0,,
2673,RB,6210,12520.0,,
2674,QB,6211,12466.0,,
2676,QB,6215,12736.0,,
2680,RB,6229,12635.0,,
2682,QB,6233,12709.0,,
2684,QB,6238,12479.0,,
2685,TE,6239,12705.0,9466.0,397
2687,TE,6245,12550.0,9472.0,406
2688,RB,6246,12724.0,,
2690,RB,6249,12526.0,,
2692,RB,6258,12554.0,,
2695,WR,6269,12649.0,9496.0,344
2696,WR,6270,12595.0,,
2697,TE,6274,12710.0,,
2698,RB,6277,12730.0,,
2699,TE,11187,12506.0,9505.0,362
2700,WR,6746,12584.0,,
2705,WR,6290,12600.0,,
2706,TE,6611,12539.0,,
2707,PK,6293,12731.0,9520.0,391
2709,RB,6527,12515.0,,
2713,PK,6304,12460.0,9526.0,503
2717,WR,6332,12588.0,,405
2718,WR,6314,12562.0,,
2720,QB,6353,12471.0,9678.0,490
2722,QB,6324,12477.0,9547.0,345
2725,RB,6356,13166.0,,
2726,WR,6014,5730.0,,
2727,RB,6366,12930.0,,
2729,WR,6373,12813.0,,
2730,RB,6376,12488.0,,
2731,QB,6379,12469.0,,
2735,RB,6390,13059.0,,
2737,TE,6403,13011.0,,
2740,WR,5857,,,
2741,WR,5340,11267.0,,104
2744,QB,5470,11420.0,,
2745,QB,5347,11290.0,,
2751,WR,5415,11315.0,,
2752,QB,5336,11252.0,8795.0,19
2753,WR,5341,11275.0,,
2754,QB,5343,11291.0,8834.0,89
2755,WR,5324,11283.0,8826.0,147
2758,TE,5351,11264.0,,
2759,WR,5350,11285.0,,
2761,RB,5358,11238.0,8781.0,326
2762,RB,5360,11257.0,,
2765,QB,5371,11237.0,8780.0,24
2767,WR,5377,11287.0,,
2771,WR,5370,11276.0,8819.0,297
2773,WR,5375,11280.0,8823.0,321
2774,WR,5323,11292.0,,
2775,RB,5543,11298.0,,
2776,RB,5430,11303.0,,
2777,WR,5462,11304.0,,
2778,TE,5452,11310.0,,
2779,WR,5414,11318.0,8861.0,247
2783,QB,5492,11328.0,,
2787,RB,5444,11359.0,,
2789,WR,5423,11371.0,,151
2790,TE,5513,11373.0,8916.0,32
2791,WR,5475,11375.0,,
2793,WR,5507,11353.0,,
2794,RB,5517,11362.0,,
2798,WR,5541,11387.0,8930.0,312
2801,TE,5410,11392.0,8935.0,328
2802,QB,5479,11394.0,8937.0,260
2804,RB,5529,11397.0,,
2807,RB,5473,11406.0,,
2808,WR,5509,11408.0,8951.0,222
2811,RB,5494,11413.0,,
2816,WR,5480,11427.0,,
2818,RB,5424,11436.0,,
2819,RB,5434,11438.0,,
2820,WR,5381,11439.0,8982.0,269
2823,RB,5554,11447.0,,
2828,WR,5530,11460.0,,
2833,WR,5400,11471.0,,
2837,WR,5551,11480.0,,
2840,WR,5610,11678.0,,
2844,WR,5595,11674.0,9037.0,491
2846,RB,5647,11766.0,,
2847,RB,5624,11747.0,,
2848,RB,5888,11658.0,9043.0,182
2849,PK,5700,11923.0,9066.0,775
2855,RB,5897,11816.0,,
2857,RB,5662,11933.0,,
2863,RB,5981,11912.0,,
2868,WR,5761,11734.0,,
2869,RB,5829,11940.0,,
2873,TE,5877,11870.0,,
2875,RB,5815,11717.0,9158.0,126
2878,RB,4893,10452.0,8261.0,184
2879,QB,4837,10466.0,,671
2881,RB,4789,10456.0,8266.0,745
2883,WR,4710,10453.0,8263.0,695
2886,TE,4841,10482.0,,171
2887,RB,4737,10544.0,,
2888,TE,4828,10475.0,8285.0,58
2890,WR,4693,10474.0,,
2891,WR,4712,10476.0,,
2895,QB,4684,10536.0,,739
2897,RB,4795,10496.0,,355
2898,RB,4911,,,
2899,QB,4901,10487.0,8297.0,181
2900,WR,6650,10524.0,,
2902,WR,4899,10678.0,,
2905,TE,4875,10521.0,8331.0,250
2906,PK,4715,10636.0,8447.0,59
2911,QB,4750,10484.0,,
2912,RB,4761,10494.0,,
2913,RB,4660,10507.0,,
2914,WR,4674,10517.0,8327.0,203
2916,WR,4863,10519.0,,
2917,WR,4775,10520.0,,
2920,RB,4946,10537.0,,
2927,RB,4840,10580.0,,
2930,RB,4894,10591.0,,
2932,TE,4744,10596.0,,
2933,TE,4868,10598.0,8409.0,86
2934,PK,4822,10603.0,,
2935,TE,4697,10605.0,8416.0,221
2937,WR,4798,10615.0,,
2939,PK,4780,10621.0,8432.0,650
2940,RB,4833,10624.0,,
2946,WR,4914,,,
2953,TE,4858,10665.0,,
2955,RB,4939,10671.0,,
2959,WR,4882,10677.0,,
2963,RB,4680,10689.0,,
2967,RB,5212,,,
2968,RB,5271,,,
2970,RB,4975,,,
2971,QB,5049,10764.0,,
2973,TE,4993,10935.0,,
2982,WR,5264,10884.0,,
2983,RB,5250,,,
2986,RB,5083,11197.0,,47
2989,QB,5197,11068.0,,
2990,RB,5152,10837.0,,
2995,WR,5285,11107.0,,
2996,WR,4948,10770.0,8609.0,130
3002,QB,4009,9596.0,,
3004,RB,4280,9607.0,,
3005,WR,4161,9611.0,,651
3006,RB,4404,9613.0,7776.0,306
3007,TE,4007,9614.0,7777.0,111
3008,RB,3941,9616.0,,
3009,WR,3900,9622.0,,
3010,WR,4317,9630.0,,
3013,QB,4023,9635.0,7798.0,198
3015,TE,3911,9639.0,7802.0,51
3019,QB,3927,9650.0,7813.0,154
3020,TE,4205,9658.0,,
3023,RB,4178,9665.0,,
3024,QB,4411,9667.0,7830.0,698
3029,WR,4351,9676.0,,
3030,TE,4111,9679.0,,
3032,TE,4040,9684.0,7847.0,64
3033,RB,4246,9686.0,,
3034,WR,4348,9689.0,,287
3036,TE,4282,9692.0,,
3037,WR,3952,9695.0,7858.0,71
3038,WR,4395,9697.0,,
3040,PK,3986,9704.0,7867.0,110
3048,RB,4113,9731.0,,
3052,TE,4013,9741.0,,
3060,TE,4353,9761.0,7924.0,284
3061,RB,4211,9766.0,,
3066,QB,4004,9780.0,7943.0,393
3074,WR,3964,9819.0,,
3077,RB,4021,9832.0,,
3078,WR,4154,9835.0,,
3080,WR,4072,9838.0,8001.0,201
3084,WR,4603,10194.0,,
3085,RB,4022,9902.0,,
3094,RB,4204,10057.0,,251
3103,WR,4157,,,
3112,WR,4393,10137.0,,
3124,WR,4557,13174.0,,504
3130,PK,4221,11122.0,8565.0,17
3138,QB,3356,8416.0,7177.0,268
3139,RB,3014,8417.0,40679.0,258
3143,WR,3634,8422.0,,
3144,WR,3628,8425.0,,
3145,WR,3189,8436.0,,
3146,WR,3185,8437.0,,
3147,QB,3452,8439.0,7200.0,96
3148,QB,3164,8440.0,,673
3151,WR,3029,8449.0,,
3152,WR,2923,8453.0,,
3154,PK,3364,8461.0,7223.0,658
3156,WR,3286,8469.0,,
3158,WR,3058,8475.0,7237.0,128
3159,RB,2848,8479.0,7241.0,232
3163,TE,3412,8485.0,7247.0,661
3165,RB,3766,8491.0,,
3181,RB,3322,8541.0,,
3184,WR,3658,8550.0,,
3195,TE,3379,8593.0,,
3202,TE,3080,8612.0,,
3207,RB,3026,8636.0,,
3219,TE,2902,8663.0,,
3220,QB,3011,8664.0,7426.0,333
3226,TE,3441,9264.0,,
3227,WR,3630,9307.0,7492.0,370
3228,PK,2882,9354.0,7520.0,49
3231,WR,3192,9495.0,,
3235,WR,2487,6016.0,7149.0,316
3236,QB,1181,5526.0,6760.0,188
3238,WR,1732,5528.0,6762.0,223
3239,QB,326,5529.0,6763.0,331
3240,TE,2113,5531.0,,
3243,QB,394,5536.0,6770.0,138
3244,WR,1198,5538.0,,
3248,RB,726,,,
3249,WR,673,5554.0,,
3250,RB,652,,,
3258,RB,567,5580.0,,
3259,TE,2273,5587.0,,
3262,TE,1030,5593.0,,
3264,WR,165,5603.0,,
3267,QB,1431,5615.0,6849.0,178
3271,WR,2010,5633.0,6867.0,155
3273,RB,1481,5644.0,,
3274,TE,2232,5645.0,,
3296,QB,1623,5718.0,,
3306,WR,2297,5741.0,,
3325,WR,2397,5799.0,,
3326,RB,2552,6301.0,,
3328,RB,2534,5817.0,,
3332,QB,743,4459.0,6337.0,91
3335,QB,1608,4465.0,,
3337,WR,545,4475.0,,
3350,WR,270,4512.0,6390.0,655
3355,TE,2161,4527.0,6405.0,23
3356,WR,459,4529.0,,
3357,WR,2169,,,
3362,TE,1491,4549.0,,
3363,RB,339,,,
3365,RB,1617,,,
3366,QB,1583,4555.0,,
3371,WR,1364,,,
3379,WR,631,4585.0,,
3382,WR,2175,4597.0,,
3383,WR,28,4601.0,,
3385,TE,1739,4614.0,,
3398,WR,71,4655.0,,
3419,WR,2218,4713.0,,
3424,TE,64,5362.0,6663.0,322
3425,WR,659,5437.0,,670
3426,QB,387,5209.0,6624.0,142
3427,WR,1737,5412.0,,
3428,TE,894,4972.0,,
3429,WR,2434,5286.0,,
3430,RB,2400,4950.0,,
3431,QB,1979,3529.0,,
3433,WR,1504,3541.0,,
3434,TE,1376,3542.0,,
3438,WR,2001,,,
3440,TE,1553,3556.0,,
3444,WR,509,,,
3450,RB,1512,3582.0,,
3456,TE,1301,,,
3457,QB,1187,3609.0,5967.0,208
3465,TE,587,3631.0,,
3468,TE,1249,3642.0,,
3486,TE,528,3688.0,,
3498,TE,152,3773.0,,
3516,WR,2080,,,
3527,PK,2376,4333.0,6243.0,127
3531,RB,3705,4140.0,,
3537,WR,1328,2564.0,,69
3541,RB,147,2575.0,,
3543,TE,806,2579.0,,
3544,QB,325,2580.0,5479.0,289
3550,RB,688,,,
3568,QB,398,2658.0,,
3570,RB,250,2664.0,,
3573,RB,346,2670.0,,
3604,TE,1271,2747.0,,
3619,PK,1174,3413.0,,
3627,RB,1711,,,
3628,RB,556,2138.0,,
3633,PK,407,2148.0,5046.0,118
3634,QB,792,2149.0,,
3640,WR,140,2163.0,,
3642,WR,942,,,
3650,QB,3843,2206.0,,
3652,WR,1851,,,
3693,QB,309,2330.0,5228.0,167
3705,TE,539,2361.0,,
3715,PK,1675,2489.0,,
3721,RB,453,,,
3777,TE,2046,1932.0,,
3788,WR,1993,1966.0,,
3816,RB,1139,1430.0,,
3833,QB,55,1490.0,,
3890,WR,1773,2048.0,,
3954,WR,782,1393.0,,
4021,PK,125,982.0,,
4022,PK,2074,1097.0,3727.0,120
4057,WR,144,751.0,,
4103,WR,322,658.0,,
4499,WR,5023,10708.0,,
4500,WR,4182,,,
4508,TE,6412,12551.0,,
4548,WR,17573,4259976.0,34719.0,8931
4701,QB,249,,,
4705,QB,2158,,,
4833,RB,2079,,,
4879,QB,935,4260.0,6169.0,686
4904,WR,1982,,,
5049,WR,3732,9451.0,,
5054,WR,3449,,,
5067,RB,4139,,,
5084,WR,6636,,,
5151,DST,2328,-16022.0,100022.0,ARI
5152,DST,2329,-16001.0,100001.0,ATL
5153,DST,2330,-16033.0,100033.0,BAL
5154,DST,2331,-16002.0,100002.0,BUF
5155,DST,2332,-16029.0,100029.0,CAR
5156,DST,2333,-16003.0,100003.0,CHI
5157,DST,2334,-16004.0,100004.0,CIN
5158,DST,2335,-16005.0,100005.0,CLE
5159,DST,2336,-16006.0,100006.0,DAL
5160,DST,2337,-16007.0,100007.0,DEN
5161,DST,2338,-16008.0,100008.0,DET
5162,DST,2339,-16009.0,100009.0,GB
5163,DST,2340,-16034.0,100034.0,HOU
5164,DST,2341,-16011.0,100011.0,IND
5165,DST,2342,-16030.0,100030.0,JAX
5166,DST,2343,-16012.0,100012.0,KC
5167,DST,2353,-16024.0,100024.0,LAC
5168,DST,2356,-16014.0,100014.0,LAR
5169,DST,2350,-16013.0,100013.0,LV
5170,DST,2344,-16015.0,100015.0,MIA
5171,DST,2345,-16016.0,100016.0,MIN
5172,DST,2346,-16017.0,100017.0,NE
5173,DST,2347,-16018.0,100018.0,NO
5174,DST,2348,-16019.0,100019.0,NYG
5175,DST,2349,-16020.0,100020.0,NYJ
5176,DST,2351,-16021.0,100021.0,PHI
5177,DST,2352,-16023.0,100023.0,PIT
5178,DST,2354,-16026.0,100026.0,SEA
5179,DST,2355,-16025.0,100025.0,SF
5180,DST,2357,-16027.0,100027.0,TB
5181,DST,2358,-16010.0,100010.0,TEN
5182,DST,2359,-16028.0,100028.0,WAS
5185,WR,17923,4241588.0,40374.0,11139
5186,TE,14058,3047536.0,31283.0,5235
