name,player_id,pos,fleaflicker_id,espn_id,yahoo_id,sleeper_id
Tanner McKee,1,QB,17761,4685201,40220,9230
Bryce Young,2,QB,17602,4685720,40029,9228
Will Levis,3,QB,17623,4361418,40068,9999
C.J. Stroud,4,QB,17589,4432577,40030,9758
Anthony Richardson,6,QB,17586,4429084,40040,9229
Stetson Bennett,7,QB,17712,4259553,40153,10857
Jaren Hall,8,QB,17796,4373632,40185,9231
Max Duggan,9,QB,17819,4427105,40272,10233
Jake Haener,10,QB,17708,4243322,40144,10215
Malik Cunningham,11,QB,17799,4240069,40290,10860
Dorian Thompson-Robinson,12,QB,17753,4367178,40195,10862
Aidan O'Connell,13,QB,17695,4260394,40138,10866
Clayton Tune,14,QB,17786,4360175,40188,10217
Bijan Robinson,15,RB,17603,4430807,40055,9509
Jahmyr Gibbs,16,RB,17612,4429795,40059,9221
Zach Evans,17,RB,17784,4685035,40243,9222
Tank Bigsby,18,RB,17625,4429013,40095,9225
Tyjae Spears,19,RB,17624,4428557,40119,9508
Sean Tucker,20,RB,18278,4430871,40742,9506
Devon Achane,21,RB,17617,4429160,40118,9226
Israel Abanikanda,22,RB,17718,4429202,40165,9227
Zach Charbonnet,23,RB,17667,4426385,40075,9753
Kenny McIntosh,24,RB,17838,4427391,40267,10216
Kendre Miller,25,RB,17661,4599739,40108,9757
Eric Gray,27,RB,17758,4570561,40198,10223
Chris Rodriguez,28,RB,17762,4362619,40231,10219
Roschon Johnson,29,RB,17716,4426386,40162,10235
Deuce Vaughn,30,RB,17759,4431453,40240,9505
DeWayne McBride,33,RB,17853,4430388,40285,9512
Evan Hull,34,RB,17728,4569609,40169,9220
Chase Brown,35,RB,17756,4362238,40196,9224
Jalin Hyatt,37,WR,17648,4692590,40128,9497
Jayden Reed,38,WR,17674,4362249,40063,10222
Jaxon Smith-Njigba,39,WR,17606,4430878,40041,9488
Jordan Addison,40,WR,17613,4429205,40042,9756
Josh Downs,41,WR,17622,4688813,40126,9500
Quentin Johnston,42,WR,17593,4429025,40051,9754
Marvin Mims,43,WR,17631,4686472,40090,9494
Zay Flowers,44,WR,17595,4429615,40039,9997
Cedric Tillman,45,WR,17643,4369863,40093,10444
Parker Washington,46,WR,17738,4432620,40234,9487
Kayshon Boutte,47,WR,17725,4429022,40224,9504
Rashee Rice,48,WR,17633,4428331,40084,10229
Dontayvion Wicks,49,WR,17792,4428850,40201,9486
A.T. Perry,50,WR,17771,4362019,40242,10863
Jonathan Mingo,51,WR,17656,4426485,40073,10225
Rakim Jarrett,52,WR,18210,4429006,40671,9495
Trey Palmer,53,WR,17767,4426407,40223,9492
Xavier Hutchinson,55,WR,17740,4686422,40232,10218
Ronnie Bell,56,WR,17837,4372063,40279,10221
Charlie Jones,57,WR,17702,4257188,40158,10228
Nathaniel Dell,58,WR,17627,4366031,40097,9502
Tyler Scott,59,WR,17715,4565908,40565,9490
Michael Wilson,60,WR,17671,4360761,40121,10232
Andrei Iosivas,61,WR,17754,4368003,40211,10226
Puka Nacua,65,WR,17779,4426515,40168,9493
Michael Mayer,66,TE,17634,4429086,40065,9482
Dalton Kincaid,67,TE,17585,4385690,40048,10236
Sam LaPorta,68,TE,17681,4430027,40064,10859
Luke Musgrave,69,TE,17676,4428085,40074,9481
Darnell Washington,70,TE,17639,4430802,40094,9479
Payne Durham,72,TE,17768,4372505,40193,10227
Davis Allen,73,TE,17778,4426553,40164,10214
Will Mallory,74,TE,17730,4362523,40180,10220
Luke Schoonmaker,75,TE,17649,4372096,40061,10871
Tucker Kraft,76,TE,17675,4572680,40102,9484
Zack Kuntz,77,TE,17798,4361417,40255,9483
Joseph Ngata,78,WR,18060,4426426,40514,11276
Brenton Strange,79,TE,17626,4430539,40078,9480
Jake Moody,80,PK,17665,4372066,294351,10937
Tre Tucker,81,WR,17635,4428718,40114,10213
Chad Ryland,82,PK,17688,4363538,8827,10955
Derius Davis,83,WR,17697,4362477,40133,10234
Josh Whyle,84,TE,17734,4360086,40182,10212
Sean Clifford,85,QB,17789,4259592,40173,10983
Elijah Higgins,86,TE,17726,4426844,40226,10231
Anders Carlson,87,PK,17790,4242519,40214,11008
Demario Douglas,88,WR,17724,4427095,40222,9501
Antoine Green,89,WR,17852,4373266,40281,11053
Colton Dowell,90,WR,17808,4250945,40263,11046
Lew Nichols,91,RB,17843,4428119,40260,9510
Jalen Brooks,93,WR,17827,4692835,40257,11034
Brayden Willis,94,TE,17835,4360290,40261,10224
Grant Dubose,95,WR,17842,4879650,40251,11024
Deneric Prince,99,RB,18110,4372526,40570,10870
Tyson Bagent,102,QB,18054,4434153,40504,11256
Emari Demercado,103,RB,17978,4362478,40430,11199
Chris Brooks,105,RB,18169,3149687,40625,11370
Jaleel McLaughlin,108,RB,18238,4722893,40696,11439
Jake Bobo,111,WR,18001,4360405,40452,10867
Mitchell Tinsley,120,WR,17876,4690070,40313,11068
Elijah Dotson,123,RB,17900,4248909,40358,11114
Malik Heath,126,WR,17992,4689334,40445,11210
Brandon Aubrey,127,PK,18330,3953687,40819,11533
Xavier Gipson,128,WR,18085,4427278,40548,11306
Jason Brownlee,133,WR,18091,4689988,40545,11311
Julian Hill,135,TE,18170,4365395,40629,11371
Emanuel Wilson,140,RB,18234,4887558,40707,11435
Blake Grupe,147,PK,17834,4259619,40296,11058
Matt Corral,149,QB,16877,4362874,34050,8164
Kenny Pickett,150,QB,16811,4240703,33975,8160
Sam Howell,151,QB,16987,4426875,34100,8162
Malik Willis,152,QB,16845,4242512,34042,8161
Bailey Zappe,154,QB,16908,4250360,34093,8157
Desmond Ridder,155,QB,16880,4239086,34030,8159
Brock Purdy,156,QB,17045,4361741,34218,8183
Skylar Thompson,157,QB,17024,4036419,34203,8206
Breece Hall,165,RB,16834,4427366,33991,8155
Isaiah Spiller,166,RB,16920,4426891,34079,8153
Kyren Williams,167,RB,17004,4430737,34120,8150
Kenneth Walker III,168,RB,16890,4567048,33996,8151
Tyler Allgeier,169,RB,16993,4373626,34107,8132
Jerome Ford,170,RB,16974,4372019,34112,8143
Zamir White,171,RB,16918,4361777,34078,8139
James Cook,172,RB,16839,4379399,34019,8138
Brian Robinson,173,RB,16875,4241474,34054,8154
Dameon Pierce,174,RB,16914,4360238,34063,8129
Tyler Badie,175,RB,16972,4362748,34152,8208
Kevin Harris,176,RB,16946,4570674,34139,8174
Hassan Haskins,177,RB,16913,4372071,34087,8123
Rachaad White,178,RB,16882,4697815,34047,8136
Ty Chandler,180,RB,17020,4242431,34125,8230
Snoop Conner,182,RB,16957,4567246,34110,8179
Ronnie Rivers,183,RB,17188,4243003,34310,8195
Zonovan Knight,184,RB,17486,4427728,34357,8122
Pierre Strong Jr.,190,RB,16909,4249836,34083,8116
Keaontay Ingram,191,RB,17007,4362087,34157,8221
Malik Davis,195,RB,17413,4240603,34610,8800
Jaylen Warren,199,RB,17137,4569987,34447,8228
Tyrion Davis-Price,203,RB,16886,4426475,34049,8211
Trestan Ebner,205,RB,17011,4259169,34159,8189
Isiah Pacheco,206,RB,17029,4361529,34207,8205
Drake London,208,WR,16823,4426502,33963,8112
Treylon Burks,209,WR,16803,4567156,33973,8135
Garrett Wilson,210,WR,16798,4569618,33965,8146
Chris Olave,211,WR,16824,4361370,33966,8144
Jahan Dotson,212,WR,16821,4361409,33971,8119
Jameson Williams,213,WR,16830,4426388,33967,8148
Wan'Dale Robinson,214,WR,16869,4569587,33998,8126
David Bell,215,WR,16863,4570409,34055,8118
John Metchie,216,WR,16849,4567096,33999,8147
Khalil Shakir,218,WR,16947,4373678,34104,8134
George Pickens,219,WR,16859,4426354,34007,8137
Justyn Ross,220,WR,17266,4360306,34440,8140
Skyy Moore,222,WR,16854,4430191,34009,8168
Velus Jones,223,WR,16898,4035693,34027,8223
Alec Pierce,224,WR,16842,4360078,34008,8142
Tay Martin,227,WR,17164,4245144,34319,8250
Britain Covey,228,WR,17293,3926231,34378,8414
Braylon Sanders,231,WR,17457,4259908,34534,8178
Calvin Austin III,233,WR,16921,4243389,34094,8125
Romeo Doubs,235,WR,16941,4361432,34088,8121
Erik Ezukanma,236,WR,16911,4362186,34081,8114
Danny Gray,238,WR,16887,4689546,34061,8176
Johnny Johnson,239,WR,17087,4242504,34601,8185
Bo Melton,241,WR,17047,4259305,34185,8204
Jalen Nailor,242,WR,17018,4382466,34147,8180
Tyquan Thornton,243,WR,16835,4362921,34005,8188
Jalen Tolbert,244,WR,16872,4249417,34044,8117
Christian Watson,245,WR,16896,4248528,33989,8167
Michael Woods,248,WR,16973,4360174,34158,8202
Trey McBride,250,TE,16895,4361307,34010,8130
Charlie Kolar,251,TE,16923,4241263,34084,8127
Jeremy Ruckert,252,TE,16833,4361372,34057,8145
Greg Dulcich,253,TE,16853,4367209,34036,8172
Isaiah Likely,254,TE,16927,4361050,34095,8131
Jake Ferguson,255,TE,16933,4242355,34085,8110
Connor Heyward,256,TE,16971,4241961,34163,8181
Cade Otton,258,TE,16937,4243331,34062,8111
Cole Turner,259,TE,16988,4361438,34105,8214
Grant Calcaterra,260,TE,16986,4241374,34154,8177
Jelani Woods,261,TE,16841,4241410,34029,8219
Samori Toure,262,WR,17054,4027873,34214,8235
Devon Allen,263,WR,16820,3052083,33953,8411
Daniel Bellinger,264,TE,16932,4361516,34068,8225
Cade York,265,PK,16929,4428963,34080,8258
Chigoziem Okonkwo,266,TE,16912,4360635,34099,8210
Montrell Washington,267,WR,16964,4248822,34118,8475
Kyle Philips,268,WR,16956,4367175,34119,8171
Teagan Quitoriano,269,TE,16959,4374045,34126,8227
James Mitchell,270,TE,17017,4361988,34133,8170
Andrew Ogletree,271,TE,16951,4722908,34148,8489
John FitzPatrick,272,TE,16992,4379401,34169,8500
Ko Kieft,273,TE,16995,4034779,34174,8484
Nick Muse,274,TE,17062,4249624,34183,8523
Dareke Young,275,WR,17046,4401805,34189,8527
Chris Oladokun,276,QB,17037,4044111,34197,8413
Brittain Brown,277,RB,17032,4036032,34206,8423
Zander Horvath,278,RB,17034,4260406,34216,8428
Julius Chestnut,282,RB,17227,4367567,34451,8254
Lucas Krull,286,TE,17235,4360231,34654,8249
Jordan Mason,288,RB,17167,4360569,34320,8408
Raheem Blackshear,289,RB,17510,4259308,34617,8255
Deven Thompkins,292,WR,17499,4374187,34520,8253
Cameron Dicker,293,PK,17315,4362081,34344,8259
KaVontae Turpin,295,WR,17558,3676833,34709,8917
Dennis Houston,296,WR,17406,4572786,34592,8801
Irvin Charles,297,WR,17489,3929636,34356,8861
Brandon Johnson,298,WR,17347,4035198,34571,8756
Armani Rogers,300,TE,17154,4056052,34278,8665
Tanner Conner,301,TE,17462,4047422,34513,8849
Lance McCutcheon,303,WR,17336,4247812,34330,8745
Jalen Virgil,304,WR,17345,4036448,34579,8416
Peyton Hendershot,306,TE,17417,4258248,34607,8197
Jake Tonges,312,TE,17274,4259147,34374,8698
Raleigh Webb,314,WR,17320,4032247,34407,8732
Rashid Shaheed,315,WR,17243,4032473,34659,8676
Stanley Berryhill,318,WR,17214,4245639,34285,8419
Kyric McGowan,319,WR,17150,4242270,34276,8595
Stone Smartt,320,TE,17123,4250764,34637,8583
Nikola Kalinic,323,TE,16794,4916349,33950,8107
Curtis Hodges,325,TE,17148,4242896,34274,8192
Trevor Lawrence,327,QB,16242,4360310,33389,7523
Justin Fields,328,QB,16262,4362887,33399,7591
Zach Wilson,329,QB,16233,4361259,33390,7538
Trey Lance,330,QB,16259,4383351,33391,7610
Mac Jones,331,QB,16235,4241464,33403,7527
Kyle Trask,332,QB,16317,4034946,33452,7605
Kellen Mond,333,QB,16335,4240904,33454,7581
Feleipe Franks,334,TE,16380,4034948,33729,7531
Ian Book,336,QB,16365,4046678,33521,7589
Shane Buechele,338,QB,16702,4039034,33879,8002
Sam Ehlinger,340,QB,16404,4241820,33606,7583
Davis Mills,342,QB,16280,4242546,33455,7585
Travis Etienne,343,RB,16241,4239996,33413,7543
Najee Harris,344,RB,16246,4241457,33412,7528
Kenneth Gainwell,345,RB,16480,4371733,33538,7567
Javonte Williams,346,RB,16282,4361579,33423,7588
Trey Sermon,347,RB,16323,4241401,33476,7593
Michael Carter,348,RB,16618,4240657,33495,7607
Rhamondre Stevenson,349,RB,16339,4569173,33508,7611
Jaret Patterson,350,RB,16630,4362452,33706,7537
Chuba Hubbard,351,RB,16361,4241416,33514,7594
Jermar Jefferson,352,RB,16577,4374033,33644,7599
Elijah Mitchell,353,RB,13728,4241555,33582,7561
Kylin Hill,355,RB,16542,4259805,33643,7572
Demetric Felton,360,RB,16453,4035826,33599,7609
Khalil Herbert,361,RB,16552,4035886,33605,7608
Larry Rountree,362,RB,16433,4241205,33586,7574
Chris Evans,365,RB,16458,4046530,33590,7794
Spencer Brown,366,RB,16487,4239768,33724,7867
Deon Jackson,367,RB,16681,4240455,33798,7551
Ja'Marr Chase,371,WR,16250,4362628,33393,7564
DeVonta Smith,372,WR,16253,4241478,33398,7525
Rondale Moore,373,WR,16327,4372485,33437,7601
Jaylen Waddle,374,WR,16236,4372016,33394,7526
Tylan Wallace,375,WR,16350,4241424,33519,7595
Seth Williams,376,WR,16427,4371974,33607,7534
Amon-Ra St. Brown,377,WR,16373,4374302,33500,7547
Elijah Moore,378,WR,16265,4372414,33422,7596
Kadarius Toney,379,WR,16251,4240600,33408,7606
Nico Collins,380,WR,16281,4258173,33477,7569
Dazz Newsome,381,WR,16551,4240661,33609,7586
Dyami Brown,382,WR,16309,4361577,33470,7587
Rashod Bateman,383,WR,16248,4360939,33415,7571
Anthony Schwartz,386,WR,16298,4371986,33479,7533
Amari Rodgers,387,WR,16329,4239992,33473,7540
Shi Smith,388,WR,16488,4259499,33592,7603
Tutu Atwell,391,WR,16326,4360797,33445,7562
D'Wayne Eskridge,392,WR,16324,4043016,33444,7612
Simi Fehoko,393,WR,16469,4360739,33567,7812
Frank Darby,394,WR,16500,4047836,33575,7530
Tre Nixon,396,WR,16395,4047648,33630,7546
Terrace Marshall,398,WR,16313,4362630,33447,7565
Racey McMath,403,WR,16411,4242231,33593,7793
Cornell Powell,406,WR,16429,4035465,33569,7541
Marquez Stevenson,407,WR,16402,4039307,33591,7556
Josh Palmer,409,WR,16292,4242433,33465,7670
Jaelon Darden,411,WR,16364,4243830,33517,7713
Austin Watkins,414,WR,16379,4363409,33830,7579
Cade Johnson,415,WR,16645,4031033,33858,7956
Dax Milne,416,WR,16485,4373642,33645,7751
Kyle Pitts,419,TE,16256,4360248,33392,7553
Brevin Jordan,420,TE,16420,4362504,33535,7568
Pat Freiermuth,421,TE,16293,4361411,33443,7600
Tommy Tremble,422,TE,16314,4372780,33471,7694
Tre' McKitty,423,TE,16291,4240023,33485,7554
Hunter Long,424,TE,16269,4239944,33469,7535
Luke Farrell,425,TE,16417,4040612,33533,7842
Noah Gray,427,TE,16430,4240472,33550,7828
Kenny Yeboah,429,TE,16386,4044144,33705,7597
Quintin Morris,431,TE,16654,4244049,33819,7536
Zach Davidson,433,TE,16627,4746079,33556,7943
John Bates,434,TE,16360,4048228,33512,7716
Evan McPherson,435,PK,16457,4360234,33537,7839
Riley Patterson,436,PK,16587,4243371,33781,7922
Sammis Reyes,439,TE,16230,3148929,33386,7622
Dez Fitzpatrick,440,WR,16342,4036026,33497,7729
Kene Nwangwu,441,RB,16375,4035537,33507,7720
Kylen Granson,442,TE,16340,4039160,33515,7602
Jacob Harris,443,WR,16369,3932144,33529,7703
Ihmir Smith-Marsette,444,WR,16578,4240573,33545,7559
Avery Williams,445,RB,13524,4048259,33571,7809
Ben Mason,446,RB,16452,4258190,33572,7808
Gary Brightwell,447,RB,16461,4245645,33584,7529
Jalen Camp,448,WR,16418,4037311,33597,7789
Mike Strachan,449,WR,16620,4589245,33620,7944
Jake Funk,450,RB,16530,4036224,33621,7771
Gerrid Doaks,451,RB,16397,4037478,33632,7539
Ben Skowronek,452,WR,16526,4035656,33637,7757
Kawaan Baker,453,WR,16519,4068152,33642,7752
Nate McCrary,456,RB,16748,4820592,33793,8058
Caleb Huntley,458,RB,16504,4244732,33732,7741
Matt Bushman,459,TE,16675,4242369,33804,7992
Matt Ammendola,470,PK,16225,3919602,33381,7617
Jack Stoll,474,TE,16621,4034862,33891,7946
Shane Zylstra,477,TE,16729,4608362,33803,8041
Brock Wright,479,TE,16572,4242392,33774,7891
Adam Prentice,480,RB,16711,3929914,33901,8025
C.J. Saunders,485,WR,16758,4040627,33921,8068
Tim Jones,489,WR,16691,4245131,33649,8013
Maurice Alexander,490,WR,17563,3914307,34712,8921
Austin Trammell,491,WR,16510,4244856,33745,7746
Joe Burrow,492,QB,15532,3915511,32671,6770
Tua Tagovailoa,493,QB,15533,4241479,32675,6768
Justin Herbert,494,QB,15516,4038941,32676,6797
Jacob Eason,495,QB,15707,4035003,32792,6823
Jake Fromm,496,QB,15624,4240689,32837,6822
Jordan Love,497,QB,15522,4036378,32696,6804
Jalen Hurts,498,QB,15581,4040715,32723,6904
Steven Montez,499,QB,15815,3915436,33207,7013
Tyler Huntley,504,QB,15705,4035671,32993,7083
James Morgan,505,QB,15721,3914395,32795,7081
Bryce Perkins,507,QB,16012,3675812,33258,7335
Jake Luton,508,QB,15639,3124900,32859,7084
D'Andre Swift,512,RB,15601,4259545,32705,6790
Zack Moss,513,RB,15548,4035676,32756,6845
Cam Akers,514,RB,15563,4240021,32722,6938
J.K. Dobbins,515,RB,15555,4241985,32725,6806
Eno Benjamin,516,RB,15765,4242873,32892,6951
Jonathan Taylor,517,RB,15604,4242335,32711,6813
Clyde Edwards-Helaire,518,RB,15539,4242214,32702,6820
Anthony McFarland,519,RB,15692,4241941,32794,6878
AJ Dillon,520,RB,15568,4239934,32732,6828
Lamical Perine,521,RB,15723,4034952,32790,6908
Joshua Kelley,522,RB,15622,3910544,32782,7045
Darrynton Evans,523,RB,15550,4036431,32763,7064
Rodney Smith,524,RB,15958,3116074,33153,7101
Ke'Shawn Vaughn,525,RB,15620,3917612,32746,6885
Salvon Ahmed,526,RB,15937,4243315,33265,6918
Darius Anderson,527,RB,15892,4038533,33098,7038
James Robinson,528,RB,16105,4052042,33138,6955
DeeJay Dallas,530,RB,15680,4240631,32814,6931
Michael Warren,531,RB,15916,4239083,32972,6992
Patrick Taylor,532,RB,16024,4039358,33235,6963
Xavier Jones,533,RB,15999,3916209,33297,7088
Tavien Feaster,534,RB,16100,4035470,33126,7103
JaMycal Hasty,536,RB,15936,3928925,33199,6996
Rico Dowdle,538,RB,15904,4038815,33100,7021
Scottie Phillips,539,RB,15993,4362878,33161,7005
Artavis Pierce,541,RB,15910,4042808,33179,7227
J.J. Taylor,542,RB,16076,4039607,33028,6973
Tony Jones,543,RB,16039,4046676,33114,6984
LeVante Bellamy,545,RB,15974,3916721,32926,6959
Adrian Killins Jr.,546,RB,15924,4042112,32966,7093
CeeDee Lamb,547,WR,15523,4241389,32687,6786
Jerry Jeudy,548,WR,15544,4241463,32685,6783
Henry Ruggs,549,WR,15526,4241475,32682,6789
Tee Higgins,550,WR,15585,4239993,32703,6801
Justin Jefferson,551,WR,15540,4262921,32692,6794
KJ Hamler,552,WR,15608,4240380,32716,6805
Laviska Shenault,553,WR,15558,4243160,32712,6814
Jalen Reagor,554,WR,15528,4241802,32691,6798
Brandon Aiyuk,555,WR,15531,4360438,32695,6803
Chase Claypool,556,WR,15597,4046692,32719,6886
Michael Pittman,557,WR,15603,4035687,32704,6819
Lynn Bowden,558,WR,15579,4259979,32750,6909
Bryan Edwards,559,WR,15577,4038818,32751,6870
Gabriel Davis,560,WR,15627,4243537,32798,6943
Denzel Mims,561,WR,15613,4035403,32729,6849
Devin Duvernay,562,WR,15557,4039050,32762,6847
James Proche,563,WR,15634,3916204,32871,6957
Isaiah Hodgins,564,WR,15625,4242540,32877,6920
Quintez Cephus,565,WR,15703,4035793,32836,6895
K.J. Hill,566,WR,15730,3915522,32890,6866
Antonio Gibson,567,RB,15591,4360294,32736,6945
Collin Johnson,568,WR,15636,4039043,32835,6857
Austin Mack,570,WR,15906,4040623,33039,6873
Donovan Peoples-Jones,572,WR,15642,4258195,32857,6824
Van Jefferson,573,WR,15564,3930066,32727,6853
Trishton Jackson,574,WR,16006,4046715,33253,7009
Jauan Jennings,575,WR,15751,3886598,32887,7049
Juwan Johnson,576,TE,16036,3929645,33113,7002
Joe Reed,577,WR,15621,4037591,32821,6913
Antonio Gandy-Golden,578,WR,15685,4029893,32812,6906
Tyler Johnson,579,WR,15729,2310331,32831,6960
Freddie Swain,580,WR,15681,4034950,32884,7135
Cole Kmet,582,TE,15573,4258595,32713,6826
Brycen Hopkins,583,TE,15645,3918003,32806,6926
Thaddeus Moss,584,TE,15814,4036189,33208,6919
Adam Trautman,585,TE,15575,3911853,32775,6869
Colby Parkinson,586,TE,15679,4242557,32803,6865
Jared Pinkney,587,TE,15787,3915772,33064,6834
Albert Okwuegbunam,588,TE,15716,4035115,32788,6843
Hunter Bryant,589,TE,16073,4243318,33186,6846
Harrison Bryant,590,TE,15644,4040774,32785,6850
Josiah Deguara,591,TE,15567,3914151,32764,7050
Rodrigo Blankenship,592,PK,16124,3915165,33211,7062
Devin Asiasi,593,TE,15614,4046522,32761,6956
Dalton Keene,594,TE,15616,4240861,32771,7082
Justin Rohrwasser,595,PK,15727,3913295,32829,7121
John Hightower,596,WR,15662,4373673,32838,7086
Isaiah Coulter,597,WR,15629,4248504,32841,7085
Jason Huntley,598,RB,15704,4040790,32842,7107
Darnell Mooney,599,WR,15658,4040655,32843,7090
K.J. Osborn,600,WR,15695,3916566,32846,7066
Tyler Bass,601,PK,15626,3917232,32858,7042
Charlie Woerner,602,TE,15671,4035020,32860,7075
Quez Watkins,603,WR,15667,4050373,32870,6927
Tyler Davis,604,TE,15641,3914240,32876,7131
Dezmon Patmon,605,WR,15711,4054085,32882,6985
Ben DiNucci,606,QB,15741,3895785,32901,7143
Tommy Stevens,607,QB,15748,3791110,32910,7149
Raymond Calais,608,RB,15770,4040732,32915,6988
Malcolm Perry,609,WR,15753,4039436,32916,7109
Sam Sloman,610,PK,15738,4038994,32918,7152
Stephen Sullivan,611,TE,15754,4035426,32921,6970
Tyrie Cleveland,612,WR,15766,4034964,32922,7032
Marquez Callaway,613,WR,16044,4035170,33109,6989
Omar Bayless,616,WR,15956,3917166,33132,7080
Ty'Son Williams,618,RB,15872,3895827,33006,7098
Lawrence Cager,619,TE,15979,3917849,33329,7106
Jonathan Ward,620,RB,15816,4039274,33088,7087
Kirk Merritt,624,WR,16056,3915145,33242,7351
Chris Rowland,628,WR,15788,4052137,33066,7175
Giovanni Ricci,629,TE,15961,3916749,33151,7216
Dan Chisena,630,WR,16139,3929637,33023,7357
Tucker McCann,634,PK,15773,4035098,33343,7446
Isaiah Wright,635,WR,15812,4044121,33209,7407
Noah Togiai,636,TE,15927,3930298,32970,7404
Nathan Cottrell,637,RB,16111,3917812,33123,7466
Ben Ellefson,638,TE,16113,3930900,33124,7288
Gabe Nabers,639,RB,16160,4035611,32987,7318
Sean McKeon,640,TE,15897,4036275,33101,6964
Darius Bradwell,641,RB,16168,4040640,32975,7316
Reggie Gilliam,642,RB,15847,4039505,33357,7204
Nick Westbrook-Ikhine,643,WR,16192,3929785,33348,7496
Isaiah Zuber,645,WR,16087,3916129,33020,7458
De'Michael Harris,646,WR,16119,4374496,33215,7279
Sewo Olonilua,648,RB,15905,4038539,33099,7055
Kendall Hinton,649,WR,15977,3700815,32929,7210
Ja'Marcus Bradley,650,WR,15882,3917569,33302,7244
Dominique Dafney,651,TE,16212,4036129,33367,7502
Antonio Williams,653,RB,15854,4040629,33359,7203
Matt Cole,654,WR,16055,4041703,33236,7352
Jalen McCleskey,656,WR,15796,3919609,33063,7173
Kristian Wilkerson,657,WR,15781,3910176,33349,7438
Easop Winston,658,WR,16004,4245174,33299,7337
Sandro Platzgummer,659,RB,16206,4683485,33188,7412
Mason Kinsey,660,WR,15775,4057082,33351,7436
Nick Bowers,662,TE,16126,3929633,33315,7308
Tommy Hudson,663,TE,15776,3675550,33340,7439
Tyler Mabry,665,TE,15804,3916587,33286,7427
Mitchell Wilcox,666,TE,16093,3923392,33171,6894
Reid Sinnett,667,QB,15844,3926936,33279,7159
Cody White,668,WR,16142,4241983,32948,7039
Andre Baccellia,673,WR,16150,3886809,32943,7233
Kyler Murray,674,QB,14664,3917315,31833,5849
Drew Lock,675,QB,14722,3924327,31874,5854
Dwayne Haskins,676,QB,14683,4040616,31847,5845
Daniel Jones,677,QB,14668,3917792,31838,5870
Tyree Jackson,678,TE,14912,3916564,32415,6040
Trace McSorley,679,QB,14815,3116172,32029,5974
Will Grier,680,QB,14727,3115252,31932,5903
Jarrett Stidham,681,QB,14770,3892775,31965,6136
Clayton Thorson,682,QB,14855,3116144,31999,6147
Brett Rypien,683,QB,15063,3722362,32221,6037
Gardner Minshew,685,QB,14860,4038524,32010,6011
Ryan Finley,686,QB,14773,3042876,31936,5885
Easton Stick,687,QB,14853,3120590,31998,6185
David Blough,688,QB,14967,3116188,32272,6450
David Montgomery,689,RB,14716,4035538,31905,5892
Benny Snell,690,RB,14790,4035072,31954,6156
Josh Jacobs,691,RB,14673,4047365,31856,5850
Dexter Williams,692,RB,14838,3932449,32026,6153
Damien Harris,693,RB,14712,3925347,31919,5890
Trayveon Williams,694,RB,14818,4035222,32014,6144
Miles Sanders,697,RB,14745,4045163,31885,6151
Devin Singletary,698,RB,14736,4040761,31906,6130
Myles Gaskin,699,RB,14897,3886818,32066,5980
Bryce Love,700,RB,14788,3931398,31944,5889
Travis Homer,701,RB,14810,4037457,32036,6012
Elijah Holyfield,702,RB,15075,4035006,32148,5919
Tony Pollard,703,RB,14759,3916148,31960,5967
Justice Hill,704,RB,14767,4038441,31945,5995
Darrell Henderson,705,RB,14751,4039359,31902,5916
Rodney Anderson,706,RB,14820,3705353,32043,5918
Ryquell Armstead,711,RB,14859,3923397,31972,6007
Jordan Scarlett,712,RB,14835,3915115,31986,6167
Ty Johnson,713,RB,14842,3915411,32018,6039
Devine Ozigbo,714,RB,15146,3699935,32390,6068
Qadree Ollison,715,RB,14828,3123944,31984,6002
Damarea Crockett,716,RB,15001,4035102,32502,6334
N'Keal Harry,719,WR,14662,4047839,31864,5878
DK Metcalf,720,WR,14706,4047650,31896,5846
Riley Ridley,721,WR,14774,4035015,31958,5873
A.J. Brown,722,WR,14694,4047646,31883,5859
Marquise Brown,723,WR,14661,4241372,31857,5848
Hakeem Butler,724,WR,14775,3917940,31935,5886
JJ Arcega-Whiteside,725,TE,14744,3931397,31889,5863
Greg Dortch,726,WR,14935,4037235,32523,5970
Terry McLaurin,727,WR,14746,3121422,31908,5927
David Sills,728,WR,14915,3871102,32418,6154
Parris Campbell,730,WR,14692,3121410,31891,5880
Mecole Hardman,731,WR,14725,4035004,31888,5917
Kelvin Harmon,732,WR,14858,4036163,32038,5884
Jalen Hurd,734,WR,14703,3115328,31899,5911
Tyron Johnson,735,WR,15053,3894912,32511,6063
Lil'Jordan Humphrey,736,WR,15148,4039057,32494,5938
Gary Jennings,738,WR,14763,3916071,31952,6045
Andy Isabella,739,WR,14717,3914328,31894,5915
Darius Slayton,740,WR,14833,3916945,32003,6149
Hunter Renfrow,741,WR,14836,3135321,31981,5955
KeeSean Johnson,742,WR,14823,3124537,32006,5962
Miles Boykin,743,WR,14709,3932423,31925,5965
Preston Williams,744,WR,14919,3915399,32447,6148
Jakobi Meyers,745,WR,14949,3916433,32231,5947
Stanley Morgan,749,WR,14958,3699902,32469,6069
Deebo Samuel,754,WR,14702,3126486,31868,5872
Noah Fant,755,TE,14665,4036131,31852,5857
T.J. Hockenson,756,TE,14677,4036133,31840,5844
Jace Sternberger,758,TE,14731,3917962,31907,6139
Irv Smith Jr.,759,TE,14701,4040980,31882,6126
Kaden Smith,760,TE,14806,4044452,32008,6146
Dawson Knox,761,TE,14734,3930086,31928,5906
Isaac Nauta,762,TE,14893,4035014,32056,5957
Caleb Wilson,763,TE,14882,3932936,32086,6142
Drew Sample,764,TE,14714,3127310,31884,6001
Kahale Warring,769,TE,14695,3933327,31918,6164
Diontae Johnson,770,WR,14754,3932905,31898,5937
Josh Oliver,771,TE,14749,3921690,31901,5973
Alexander Mattison,772,RB,14700,4048244,31934,5987
Trevon Wesco,773,TE,14756,4039253,31953,6181
Foster Moreau,774,TE,14781,3843945,31969,5985
Zach Gentry,775,TE,14863,3929924,31973,6018
Matt Gay,776,PK,14848,4249087,31977,6083
Austin Seibert,777,PK,14847,3821683,32002,6219
Travis Fulgham,778,WR,14840,3139522,32016,6059
Juwann Winfree,779,WR,14826,3128317,32019,6223
Scotty Miller,781,WR,14849,3914397,32040,6290
Darwin Thompson,782,RB,14830,4361606,32046,6178
Cullen Gillaspia,783,RB,14869,3122143,32052,6293
Tommy Sweeney,785,TE,14894,3122818,32060,6137
Chandler Cox,786,RB,14898,3843217,32065,6298
John Ursua,787,WR,14876,3933064,32068,6168
Terry Godwin,788,WR,14889,3915174,32069,5977
Olabisi Johnson,789,WR,14872,3917067,32079,6088
Ashton Dulin,793,WR,15035,4061956,32292,6427
Penny Hart,794,WR,15031,3917546,32293,5902
Keelan Doss,795,WR,15284,3120980,32342,6032
Andrew Beck,797,RB,14951,3125107,32225,6323
Cody Thompson,798,WR,15128,3126115,32367,6171
Darrius Shepherd,803,WR,15358,3120588,32378,6519
D'Ernest Johnson,804,RB,15453,3139602,32608,6694
Elliott Fry,807,PK,14648,3048898,31831,6208
Jalen Guyton,809,WR,15260,3932430,32201,6421
Donald Parham,812,TE,15183,3912092,32456,6074
Jake Browning,818,QB,14906,3886812,32138,6111
Jakob Johnson,819,RB,14649,3115349,31826,6202
Austin Walter,821,RB,15361,3123857,32383,6553
Alec Ingold,824,RB,15279,3917668,32344,6109
Matthew Wright,825,PK,15021,3128444,32174,6268
Reggie Bonnafon,826,RB,14175,3116642,31302,5162
Jeremy Cox,830,RB,15220,3914534,32541,6246
Tony Brooks-James,833,RB,15388,3886841,32559,6585
D.J. Montgomery,837,WR,15311,4249030,32283,6453
Stephen Carlson,838,TE,14964,3948283,32273,6451
Trinity Benson,841,WR,15069,4422214,32189,6395
Malik Taylor,847,WR,15203,4408988,32488,6239
Nsimba Webster,851,WR,15139,3119317,32137,6387
Trenton Irwin,852,WR,14930,3931391,32438,6598
Khari Blasingame,853,RB,15091,3122154,32140,6379
Gunner Olszewski,856,WR,15455,4424106,32612,6699
Deonte Harty,857,WR,15154,4411193,32398,6234
Jeff Smith,859,WR,15077,3929118,32533,6557
John Lovett,862,TE,15117,3118906,32364,6231
Olamide Zaccheaus,863,WR,15107,3917914,32123,6271
Joey Slye,864,PK,15366,3124084,32384,6528
Patrick Laird,865,RB,15418,3127211,32439,6311
Steven Sims,866,WR,15251,3917960,32187,6402
Devlin Hodges,867,QB,15426,3127051,32581,6595
Tristan Vizcaino,869,PK,14646,3127313,31808,5823
Brandon Dillon,871,TE,15092,4411192,32142,6279
Chase McLaughlin,872,PK,15412,3150744,32417,6650
Craig Reynolds,873,RB,15434,4421446,32596,6659
Jesper Horsted,875,TE,15398,3940587,32576,6075
Jacques Patrick,878,RB,15513,3693033,32669,6108
Reggie Begelton,879,WR,15508,2974503,32664,6763
Chris Streveler,880,QB,15510,3040206,32662,6778
Jody Fortson,881,TE,15133,4408854,32600,6665
Matt Sokol,883,TE,15286,3121378,32551,6233
Derrick Gore,884,RB,15475,3925346,32630,6753
Parker Hesse,885,TE,15431,3144991,32588,6662
Chris Myarick,886,TE,15417,3138744,32442,6529
Duke Williams,887,WR,12732,3115315,29973,3846
Brandon Zylstra,888,WR,13739,4294520,30959,4878
Josh Allen,889,QB,13761,3918298,30977,4984
Baker Mayfield,890,QB,13758,3052587,30971,4892
Josh Rosen,891,QB,13760,3886377,30980,4863
Sam Darnold,892,QB,13770,3912547,30973,4943
Lamar Jackson,893,QB,13775,3916387,31002,4881
Mason Rudolph,895,QB,13810,3116407,31046,4972
Mike White,898,QB,13914,3051381,31141,5089
Kyle Lauletta,901,QB,13902,3049872,31078,4996
Saquon Barkley,904,RB,13778,3929630,30972,4866
Derrius Guice,905,RB,13814,3843750,31029,4949
Ronald Jones,906,RB,13785,3912550,31008,5052
Sony Michel,907,RB,13750,3128721,31001,4962
Rashaad Penny,908,RB,13772,3139925,30997,4985
Nick Chubb,910,RB,13802,3128720,31005,4988
Josh Adams,911,RB,14070,3932420,31567,5136
Kerryon Johnson,912,RB,13828,3916925,31013,5068
Jaylen Samuels,913,RB,13935,3116721,31135,5107
Phillip Lindsay,914,RB,14063,3052117,31379,5170
Bo Scarbrough,915,RB,13981,3126367,31206,5112
Royce Freeman,917,RB,13796,3122672,31041,5046
John Kelly,919,RB,13927,3915381,31145,5076
Justin Jackson,920,RB,14018,3116136,31221,5131
Kalen Ballage,921,RB,13904,3128774,31100,4994
Nyheim Hines,922,RB,13900,3916430,31074,5347
Darrel Williams,923,RB,14329,3115375,31500,5549
Calvin Ridley,929,WR,13776,3925357,30996,4981
Courtland Sutton,930,WR,13795,3128429,31010,5045
James Washington,931,WR,13808,3122449,31030,5024
Allen Lazard,932,WR,14059,3128390,31268,5185
Christian Kirk,933,WR,13806,3895856,31017,4950
Dante Pettis,934,WR,13816,3127306,31014,4992
D.J. Moore,935,WR,13764,3915416,30994,4983
Deon Cain,936,WR,13970,3728254,31155,5101
Equanimeous St. Brown,937,WR,13949,3932442,31177,5323
Braxton Berrios,938,WR,13909,3123075,31180,5121
Anthony Miller,939,WR,13782,3050487,31021,5013
Antonio Callaway,940,WR,13869,3915097,31075,5310
Ray-Ray McCloud,941,WR,13934,3728262,31157,5096
Auden Tate,942,WR,13985,3921564,31223,5130
Javon Wims,944,WR,13908,4035019,31194,5111
Tre'Quan Smith,945,WR,13819,3128451,31061,5026
Michael Gallup,946,WR,13788,4036348,31051,5038
Deontay Burnett,948,WR,14051,3932935,31624,5290
DaeSean Hamilton,949,WR,13861,3057987,31083,4998
Cedrick Wilson,952,WR,13915,4036335,31178,5113
Robert Foster,953,WR,14069,3054845,31601,5250
Steven Mitchell,959,WR,14348,3043225,31391,5132
Keke Coutee,962,WR,13903,3915823,31073,5007
Jaleel Scott,963,WR,13894,4040792,31102,5005
Trey Quinn,964,WR,14008,3115365,31226,5139
Daurice Fountain,966,WR,13899,3120659,31129,5102
D.J. Chark,968,WR,13790,3115394,31031,4951
Malik Turner,969,WR,14603,3115928,31777,5781
Mark Andrews,971,TE,13829,3116365,31056,5012
Mike Gesicki,972,TE,13845,3116164,31012,4993
Troy Fumagalli,973,TE,13859,3045264,31126,5092
Dallas Goedert,974,TE,13813,3121023,31019,5022
Tyler Conklin,975,TE,13980,3915486,31220,5133
Durham Smythe,976,TE,13905,3052897,31093,5008
Ian Thomas,978,TE,13874,4045305,31071,4995
Chris Herndon,979,TE,13886,3123050,31077,5009
Hayden Hurst,980,TE,13774,3924365,30995,4973
Daniel Carlson,981,PK,13947,3051909,31137,5095
Eddy Pineiro,982,PK,13986,4034949,31482,5189
Richie James,984,WR,14009,3122899,31210,5137
Chase Edmonds,986,RB,13870,3119195,31104,5000
Jordan Akins,987,TE,13844,3128452,31068,5032
Will Dissly,988,TE,14475,3127292,31090,5010
Ito Smith,989,RB,13898,3123969,31096,5004
Dalton Schultz,990,TE,13853,3117256,31107,5001
Justin Watson,991,WR,13851,3118892,31114,5374
Jordan Wilkins,992,RB,13969,3051891,31139,5100
Marquez Valdes-Scantling,993,WR,13952,3051738,31144,5086
Damion Ratley,994,WR,13930,3895857,31148,5080
Russell Gage,996,WR,13967,3115378,31164,5110
Boston Scott,997,RB,13942,3051439,31171,5122
Trenton Cannon,998,RB,13953,4261020,31174,5123
Jordan Thomas,999,TE,13973,4035379,31181,5117
Danny Etling,1000,QB,13910,3052450,31189,5120
Alex McGough,1001,QB,13959,3128843,31190,5124
Jason Sanders,1003,PK,13977,3124679,31199,5119
Nick Bawden,1004,RB,14019,3125232,31207,5116
Logan Woodside,1005,QB,13983,3042749,31219,5128
Ryan Izzo,1006,TE,14527,3122920,31127,5094
Ryan Nall,1007,RB,14211,3127335,31662,5163
Gus Edwards,1008,RB,14191,3051926,31424,5248
Deon Yelder,1010,TE,14361,3059766,31519,5277
Byron Pringle,1014,WR,14328,4036416,31496,5199
Mike Boone,1016,RB,14185,3139033,31228,5209
Dontrell Hilliard,1017,RB,14485,3126246,31457,5536
Tim Boyle,1019,QB,14311,3045169,31431,5257
Kyle Allen,1024,QB,14180,3115293,31301,5127
Keith Kirkwood,1026,WR,14357,3046401,31517,5134
Vyncint Smith,1028,WR,14266,3155188,31588,5260
Trent Sherfield,1032,WR,14106,3122168,31320,5154
Cam Sims,1033,WR,14411,3115314,31405,5432
Greg Joseph,1035,PK,14337,3975763,31538,5272
Brandon Powell,1040,WR,14297,3115255,31641,5695
Cameron Batson,1042,WR,14390,3139456,31623,5289
Buddy Howell,1043,RB,14336,3122716,31537,5271
Anthony Firkser,1044,TE,13415,3049698,30571,4435
KhaDarel Hodge,1048,WR,14600,3047876,31769,5773
Mike Badgley,1052,PK,14050,3123052,31366,5230
Ross Dwelley,1053,TE,14377,3120303,31329,5285
Chad Beebe,1057,WR,14500,3047968,31508,5570
Godwin Igwebuike,1059,RB,14278,3045238,31258,5220
Jeffery Wilson,1061,RB,14471,3122976,31394,5284
Jeff Badet,1071,WR,14011,3053760,31227,5275
Christian Blake,1073,WR,14163,3126002,31347,5241
Nick Keizer,1076,TE,14487,4329472,31427,5465
Kevin Rader,1077,TE,14300,3049290,31441,5171
Tanner Hudson,1078,TE,14275,3050481,31257,5409
Jaeden Graham,1080,TE,14581,3118954,31749,5754
Marcus Baugh,1081,TE,14064,3051387,31478,5233
Ethan Wolf,1082,TE,14425,3115360,31627,5196
Rico Gafford,1083,WR,14396,4048717,31607,5197
John Wolford,1084,QB,14627,3124092,31803,5806
Johnny Stanton,1086,RB,14498,3040499,31510,5569
Jake Kumerow,1087,WR,7263,3085107,28974,2821
Deshaun Watson,1088,QB,12919,3122840,30125,4017
DeShone Kizer,1089,QB,12954,3129302,30165,4026
Mitchell Trubisky,1090,QB,12893,3039707,30115,3976
Patrick Mahomes,1091,QB,12894,3139477,30123,4046
Joshua Dobbs,1094,QB,13017,3044720,30248,4179
Davis Webb,1095,QB,12959,3052600,30200,4061
Cooper Rush,1099,QB,13143,2972515,30788,4574
C.J. Beathard,1100,QB,12960,2979520,30217,4127
Nathan Peterman,1102,QB,13069,2972236,30284,4183
Dalvin Cook,1103,RB,12929,3116593,30154,4029
Leonard Fournette,1104,RB,12920,3115364,30117,3969
Christian McCaffrey,1105,RB,12892,3117251,30121,4034
Joe Mixon,1106,RB,12975,3116385,30161,4018
Alvin Kamara,1107,RB,12965,3054850,30180,4035
Samaje Perine,1108,RB,13011,3116389,30227,4147
D'Onta Foreman,1109,RB,12987,3125116,30202,4111
Wayne Gallman,1110,RB,13021,3045127,30253,4150
Corey Clement,1111,RB,13165,3045260,30707,4651
Kareem Hunt,1113,RB,12934,3059915,30199,4098
Jamaal Williams,1114,RB,13040,2980453,30247,4149
Jeremy McNichols,1118,RB,12999,3127586,30275,4219
Elijah McGuire,1119,RB,13100,3042494,30301,4263
James Conner,1121,RB,12951,3045147,30218,4137
Dare Ogunbowale,1123,RB,13581,2983509,30860,4718
Corey Davis,1128,WR,12913,3042778,30118,4036
Mike Williams,1129,WR,12890,3045138,30120,4068
John Ross,1130,WR,12915,3052177,30122,4038
JuJu Smith-Schuster,1131,WR,12950,3120348,30175,4040
Curtis Samuel,1132,WR,12930,3121427,30153,4082
Dede Westbrook,1133,WR,13052,3892889,30223,4146
Isaiah Ford,1137,WR,13127,3124069,30350,4252
Chris Godwin,1138,WR,12926,3116165,30197,4037
Cooper Kupp,1139,WR,12970,2977187,30182,4039
Ryan Switzer,1140,WR,12996,3039725,30246,4162
Taywan Taylor,1142,WR,12973,3059760,30185,4125
Josh Reynolds,1143,WR,13029,3115306,30230,4171
Noah Brown,1147,WR,13120,3121409,30352,4234
Zay Jones,1151,WR,12937,3059722,30150,4080
Gehrig Dieter,1154,WR,13163,2980460,30679,4489
Chad Hansen,1158,WR,13027,3066074,30254,4175
O.J. Howard,1163,TE,12891,3043080,30132,4055
Evan Engram,1164,TE,12906,3051876,30136,4066
Jake Butt,1165,TE,13016,3045225,30258,4151
David Njoku,1167,TE,12904,3123076,30142,4033
Jonnu Smith,1168,TE,12974,3054212,30213,4144
Jeremy Sprinkle,1169,TE,13012,2980073,30267,4221
Marlon Mack,1173,RB,13044,3139605,30256,4152
Josh Malone,1174,WR,13034,3115330,30241,4160
Gerald Everett,1175,TE,12972,3918639,30157,4089
Brian Hill,1178,RB,13038,3125403,30269,4187
Mo Alie-Cox,1180,TE,12887,2998565,30112,4054
Adam Shaheen,1181,TE,12933,4198676,30158,4085
Kenny Golladay,1182,WR,12963,2974858,30209,4131
Mack Hollins,1185,WR,13008,2991662,30231,4177
Tarik Cohen,1186,RB,13003,3066158,30232,4157
George Kittle,1187,TE,13023,3040151,30259,4217
Jake Elliott,1188,PK,13035,3050478,30266,4195
Jamal Agnew,1189,WR,13024,3061612,30278,4198
Isaiah McKenzie,1191,WR,13080,3128724,30285,4197
Eric Saubert,1192,TE,13110,2975863,30287,4189
Trent Taylor,1193,WR,13095,3040569,30290,4218
Aaron Jones,1194,RB,13111,3042519,30295,4199
Alexander Armah,1195,RB,13065,4212884,30305,4226
Zane Gonzalez,1198,PK,13085,3043234,30337,4233
David Moore,1199,WR,13117,4212909,30339,4274
Harrison Butker,1200,PK,13124,3055899,30346,4227
Khalfani Muhammad,1203,RB,13135,3052143,30355,4283
Chris Carson,1204,RB,13141,3919596,30362,4273
Mason Schreck,1205,TE,13137,2972331,30364,4229
Austin Carr,1206,WR,13179,2974339,30656,4416
Cethan Carter,1208,TE,13206,3040470,30577,4362
Tim Patrick,1215,WR,13209,3134353,30511,4351
Matt Breida,1216,RB,13358,3049916,30552,4455
Ricky Seals-Jones,1219,TE,13168,3051806,30494,4531
Taquan Mizzell,1220,RB,13428,3048680,900125,4349
Jacob Hollister,1224,TE,13175,3125404,30661,4421
Younghoe Koo,1228,PK,13324,3049899,30426,4666
Austin Ekeler,1229,RB,13325,3068267,30423,4663
Tyrone Swoopes,1233,TE,13503,3046705,30763,4678
Keelan Cole,1234,WR,13261,3071572,30396,4622
P.J. Walker,1237,QB,13341,3051308,30538,4335
Kendrick Bourne,1238,WR,13364,3045523,30551,4454
Taysom Hill,1241,TE,13653,2468609,30614,4381
Robert Tonyan,1243,TE,13489,2975674,30777,4602
Antony Auclair,1249,TE,13269,4081127,30468,4468
Trey Edmunds,1250,RB,13557,2970090,30850,4696
Zach Pascal,1254,WR,13333,2978109,30502,4319
Chris Thompson,1255,WR,9552,3054970,30861,4719
Marcus Kemp,1256,WR,13469,3046399,30682,4491
Isaac Whitney,1262,WR,13594,3894883,30637,4451
Blake Jarwin,1266,TE,13216,2991767,30784,4571
Cody Hollister,1268,WR,13177,3115443,30660,4420
River Cracraft,1270,WR,13732,3052056,30955,4854
Greg Ward,1271,WR,13616,3040035,30715,6744
C.J. Board,1272,WR,13592,2973626,30513,4344
Dan Arnold,1273,TE,13665,4212989,30891,4741
Jason Croom,1274,TE,13450,2972240,30594,4536
Brett Maher,1276,PK,10038,16486,27369,4958
Johnny Mundt,1278,TE,13239,3052096,30373,4314
Nick Mullens,1279,QB,13194,3059989,30563,4464
Pharaoh Brown,1280,TE,13377,2971281,30627,4443
Cyril Grayson,1281,WR,13280,4217370,30111,4050
Rashard Davis,1284,WR,13715,3049329,30940,4828
Colin Thompson,1286,TE,13599,2980120,30740,4647
Carson Wentz,1287,QB,12032,2573079,29236,3161
Jared Goff,1288,QB,12102,3046779,29235,3163
Jacoby Brissett,1293,QB,12079,2578570,29325,3257
Dak Prescott,1297,QB,12159,2577417,29369,3294
Brandon Allen,1298,QB,12232,2574511,29435,3357
Jeff Driskel,1300,QB,12216,2574630,29441,3362
Ezekiel Elliott,1302,RB,12025,3051392,29238,3164
Derrick Henry,1303,RB,12042,3043078,29279,3198
C.J. Prosise,1304,RB,12059,2980148,29324,3204
Alex Collins,1305,RB,12164,3046409,29405,3327
Devontae Booker,1306,RB,12151,3122866,29370,3209
Kenyan Drake,1307,RB,12101,2979843,29307,3242
Jordan Howard,1311,RB,12114,3060022,29384,3306
Jonathan Williams,1312,RB,9833,2980077,29390,3312
Wendell Smallwood,1313,RB,12138,3042429,29387,3309
Peyton Barber,1314,RB,12499,3051902,29560,3594
Tyler Ervin,1316,RB,12135,2573974,29353,3280
Laquon Treadwell,1322,WR,12017,3051889,29257,3155
Will Fuller,1324,WR,12023,3052876,29255,3157
Josh Doctson,1325,WR,12035,2576019,29256,3178
Tyler Boyd,1327,WR,12051,3045144,29288,3225
Michael Thomas,1329,WR,12096,2976316,29281,3199
Rashard Higgins,1333,WR,12223,3042910,29406,3328
Tajae Sharpe,1334,WR,12125,2982828,29374,3297
Sterling Shepard,1335,WR,12058,2976592,29274,3200
Pharoh Cooper,1337,WR,12141,3048897,29351,3278
Geronimo Allison,1342,WR,12353,3115913,29719,3503
Mike Thomas,1351,WR,12172,3123986,29440,3652
Hunter Henry,1352,TE,12088,3046439,29269,3214
Austin Hooper,1353,TE,12069,3043275,29315,3202
Tyler Higbee,1354,TE,12140,2573401,29344,3271
Nick Vannett,1356,TE,12056,2576399,29328,3258
Chris Moore,1366,WR,12153,2576581,29341,3269
Demarcus Robinson,1368,WR,12106,3043116,29360,3286
Seth DeValve,1369,TE,12109,2566659,29372,3296
Tyreek Hill,1371,WR,12197,3116406,29399,3321
Andy Janovich,1372,RB,12192,2974317,29410,3332
Temarrick Hemingway,1373,TE,12170,2580330,29411,3333
Jakeem Grant,1375,WR,12182,2577641,29420,3342
Nate Sudfeld,1376,QB,12165,2979501,29421,3343
Derek Watt,1380,RB,12191,2576450,29432,3354
Dwayne Washington,1386,RB,12247,3002265,29470,3391
DeAndre Washington,1391,RB,12134,2577654,29377,3300
Stephen Anderson,1393,TE,12342,2576854,29789,3496
Ka'imi Fairbairn,1394,PK,12347,2971573,29792,3451
D.J. Foster,1404,RB,12382,2978124,29872,3488
Jalen Richard,1432,RB,12761,2972091,30000,3868
Alex Erickson,1433,WR,12334,2977800,29703,3433
Tommylee Lewis,1440,WR,12482,2574918,29854,3614
C.J. Ham,1442,RB,12694,4012556,29951,3832
Troymaine Pope,1445,RB,12834,2983319,30061,3934
Chosen Anderson,1446,WR,12361,2574808,29785,3423
Chester Rogers,1449,WR,12459,2983209,29609,3582
Chris Manhertz,1459,TE,11114,2531358,28365,3048
Wil Lutz,1460,PK,12611,2985659,29754,3678
Kalif Raymond,1473,WR,12441,2973405,29631,3634
J.D. McKissic,1475,RB,12572,2572861,29650,3664
Elijhaa Penny,1476,RB,12691,2575965,29906,3803
Aldrick Rosas,1477,PK,12578,3068939,29949,3827
Marcus Johnson,1481,WR,12332,2971718,29678,3445
Darrell Daniels,1482,TE,13208,3052166,30523,4323
Marvin Hall,1485,WR,12788,2578369,30023,3895
Jaydon Mickens,1486,WR,12745,2978308,29978,3852
JoJo Natson,1487,WR,13354,2971830,30531,4330
Garrett Griffin,1489,TE,12789,2987440,30024,3894
J.P. Holtz,1492,TE,12540,2970262,29666,3695
Jon Brown,1493,PK,12684,3135726,29915,3805
Jameis Winston,1496,QB,11183,2969939,28389,2306
Marcus Mariota,1497,QB,11184,2576980,28390,2307
Brett Hundley,1498,QB,11300,2577189,28535,2450
Todd Gurley,1506,RB,11182,2977644,28398,2315
Melvin Gordon,1507,RB,11180,2576434,28403,2320
Tevin Coleman,1508,RB,11188,2979477,28461,2378
T.J. Yeldon,1509,RB,11216,2976516,28424,2341
Jay Ajayi,1510,RB,11323,2573300,28537,2452
Ameer Abdullah,1511,RB,11207,2576336,28442,2359
Duke Johnson,1513,RB,11201,2969962,28465,2382
Mike Davis,1520,RB,11373,3025433,28514,2431
David Johnson,1527,RB,11187,2508176,28474,2391
Amari Cooper,1530,WR,11177,2976499,28392,2309
DeVante Parker,1531,WR,11170,2576623,28402,2319
Kevin White,1532,WR,11158,3042435,28395,2312
Nelson Agholor,1536,WR,11178,2971618,28408,2325
Devin Smith,1537,WR,11231,2576395,28425,2342
Jamison Crowder,1539,WR,11398,2576716,28493,2410
Stefon Diggs,1541,WR,11329,2976212,28534,2449
Tyler Lockett,1542,WR,11242,2577327,28457,2374
Phillip Dorsett,1543,WR,11167,2579604,28417,2334
Breshad Perriman,1551,WR,11156,2972460,28414,2331
Devin Funchess,1559,TE,11194,2977609,28429,2346
Maxx Williams,1560,TE,11191,2970726,28443,2360
Jesse James,1565,TE,11366,2979590,28548,2463
Tyler Kroft,1566,TE,11199,2582410,28473,2390
Blake Bell,1567,TE,11371,2514206,28505,2422
Chris Conley,1570,WR,11217,2578533,28464,2381
Ty Montgomery,1573,RB,11213,2577134,28482,2399
Darren Waller,1574,TE,11261,2576925,28592,2505
MyCole Pruitt,1578,TE,11331,2508256,28531,2446
C.J. Uzomah,1579,TE,11276,2574576,28545,2460
J.J. Nelson,1580,WR,11254,2515759,28547,2462
Michael Burton,1581,RB,11295,2515270,28556,2471
Nick Boyle,1582,TE,11257,2574591,28559,2474
James O'Shaughnessy,1583,TE,11321,2508079,28561,2476
Geoff Swaim,1601,TE,11287,3046704,28634,2545
Trevor Siemian,1602,QB,11294,2511109,28638,2549
Malcolm Brown,1604,RB,11724,2570986,28990,2588
Tyrell Williams,1609,WR,11504,2587819,28691,2583
DeAndre Carter,1612,WR,11603,2580216,28947,2750
Josh Lambo,1635,PK,11498,2998120,28685,2671
Rod Smith,1649,RB,11526,2512197,28718,2892
Raheem Mostert,1651,RB,11455,2576414,28654,2749
Damiere Byrd,1657,WR,11507,2577667,28730,2673
Taylor Heinicke,1661,QB,11615,2565969,28839,2711
Adam Humphries,1665,WR,11826,2576491,29070,2822
Daniel Brown,1672,TE,11874,2519013,29102,2751
Ross Travis,1678,TE,11978,3936647,29208,3041
Eric Tomlinson,1682,TE,11459,2511973,28658,2755
Sam Ficken,1684,PK,12817,2582139,30038,3909
Teddy Bridgewater,1685,QB,10240,16728,27560,2152
Blake Bortles,1687,QB,10236,16724,27531,1979
A.J. McCarron,1688,QB,10458,16810,27692,1895
Derek Carr,1689,QB,10315,16757,27564,2028
Logan Thomas,1692,TE,10353,16813,27648,2251
Carlos Hyde,1702,RB,10335,16777,27585,2257
Devonta Freeman,1705,RB,10324,16944,27631,2168
Isaiah Crowell,1713,RB,10490,17133,28014,1901
Sammy Watkins,1715,WR,10256,16725,27532,1817
Mike Evans,1716,WR,10252,16737,27535,2216
Marqise Lee,1717,WR,10303,16787,27567,1987
Kelvin Benjamin,1718,TE,10254,16730,27556,2182
Brandin Cooks,1719,WR,10242,16731,27548,2197
Davante Adams,1720,WR,10295,16800,27581,2133
Jordan Matthews,1721,WR,10318,16763,27570,1800
Donte Moncrief,1722,WR,10302,16791,27618,1971
Allen Robinson,1723,WR,10305,16799,27589,1992
Odell Beckham,1724,WR,10243,16733,27540,2078
Jarvis Landry,1725,WR,10307,16790,27591,1825
Paul Richardson,1726,WR,10284,16781,27573,2279
Martavis Bryant,1733,WR,10415,16886,27646,1916
Eric Ebron,1740,TE,10257,16732,27538,2118
Trey Burton,1749,TE,10823,16974,27789,1793
James White,1751,RB,10475,16913,27658,1848
Cody Latimer,1756,WR,10291,16793,27584,2004
Jimmy Garoppolo,1757,QB,10311,16760,27590,1837
Jerick McKinnon,1758,RB,10310,16782,27624,2161
John Brown,1760,WR,10263,16804,27619,2238
Richard Rodgers,1762,TE,10296,16786,27626,2146
Quincy Enunwa,1772,WR,10427,16899,27737,1854
Garrett Gilbert,1774,QB,10449,16809,27742,2229
Damien Williams,1785,RB,10924,17359,28115,1833
Albert Wilson,1789,WR,10895,17051,28046,2025
Allen Hurns,1823,WR,10839,17177,27874,1984
Bennie Fowler,1826,WR,10593,16995,27826,2003
Chris Boswell,1830,PK,10779,17372,28188,1945
Adam Thielen,1832,WR,9891,16460,27277,1689
Cairo Santos,1837,PK,10888,17427,28227,2020
Brandon McManus,1839,PK,9754,16339,27120,1433
Willie Snead,1840,WR,10707,17258,28026,1911
Senorise Perry,1845,RB,10966,17421,28223,2114
Cody Parkey,1846,PK,10813,17082,27911,1974
Taylor Gabriel,1851,WR,10695,17437,28234,1903
Cameron Brate,1867,TE,10991,17453,28267,2214
Jason Myers,1871,PK,11124,2473037,28378,2747
Seth Roberts,1874,WR,11039,17402,28214,2039
Diontae Spencer,1880,WR,11005,17463,28279,5828
Geno Smith,1883,QB,9372,15864,26662,1373
Matt Barkley,1884,QB,9507,15948,26721,1338
Mike Glennon,1885,QB,9390,15837,26696,1559
Tyler Bray,1903,QB,9781,16252,27170,1612
Kenjon Barner,1910,RB,9419,15921,26805,1546
Rex Burkhead,1915,RB,9426,15971,26813,1387
Chris Thompson,1919,RB,9552,15966,26777,1502
Theo Riddick,1921,RB,9445,15994,26822,1517
Le'Veon Bell,1925,RB,9378,15825,26671,1408
Giovani Bernard,1926,RB,9341,15826,26660,1386
Tavon Austin,1945,WR,9328,15786,26631,1567
Keenan Allen,1954,WR,9380,15818,26699,1479
Cordarrelle Patterson,1957,RB,9317,15807,26652,1535
Kenny Stills,1959,WR,9492,16016,26767,1555
Robert Woods,1960,WR,9338,15880,26664,1352
DeAndre Hopkins,1964,WR,9311,15795,26650,1426
Marquise Goodwin,1971,WR,9337,15839,26701,1346
Travis Kelce,1976,TE,9360,15847,26686,1466
Zach Ertz,1979,TE,9376,15835,26658,1339
Jordan Reed,1980,TE,9395,15860,26708,1500
Tyler Eifert,1982,TE,9305,15788,26644,1388
Levine Toilolo,1984,TE,9407,15980,26756,1642
Vance McDonald,1989,TE,9384,15853,26678,1587
Kyle Juszczyk,1996,RB,9410,16002,26753,1379
Luke Willson,1997,TE,9536,16121,26781,1603
Dustin Hopkins,1999,PK,9416,15965,26800,1348
Latavius Murray,2000,RB,9504,15920,26804,1476
Ryan Griffin,2003,TE,9458,15887,26824,1425
Ryan Griffin,2023,QB,9458,16140,26949,1550
Demetrius Harris,2026,TE,9787,16318,27174,1619
C.J. Anderson,2029,RB,9700,16040,26878,1451
Jack Doyle,2051,TE,9990,16504,27299,1706
Josh Hill,2053,TE,9851,16143,26950,1777
Dontrelle Inman,2068,WR,7789,14269,25120,2291
Andrew Luck,2080,QB,8382,14874,25711,1111
Robert Griffin III,2081,QB,8628,14875,25712,1169
Ryan Tannehill,2082,QB,8514,14876,25718,1049
Brandon Weeden,2083,QB,8445,14878,25732,1085
Nick Foles,2084,QB,8562,14877,25798,1029
Kirk Cousins,2085,QB,8625,14880,25812,1166
Russell Wilson,2088,QB,8598,14881,25785,1234
Lamar Miller,2093,RB,8512,14886,25807,1048
Chris Polk,2095,RB,8954,14889,26006,1033
LaMichael James,2096,RB,8583,14890,25771,1225
Robert Turbin,2099,RB,8596,14894,25816,1232
Kendall Wright,2105,WR,8622,14909,25730,1097
Alshon Jeffery,2107,WR,8422,14912,25755,1149
Mohamed Sanu,2108,WR,8432,14922,25793,1071
T.Y. Hilton,2114,WR,8493,14924,25802,1110
Ryan Broyles,2117,WR,8462,14919,25764,1154
Jarius Wright,2119,WR,8525,14918,25828,1215
Brian Quick,2120,WR,8605,14914,25743,1208
Travis Benjamin,2122,WR,8437,15062,25810,1077
Marvin Jones,2123,WR,8429,15072,25876,1067
Dwayne Allen,2127,TE,8485,14901,25774,1105
Ladarius Green,2129,TE,8576,14904,25820,1139
Stephen Hill,2133,WR,8550,14910,25753,1054
A.J. Jenkins,2136,WR,8584,14947,25740,1226
Ronnie Hillman,2137,RB,8456,14895,25777,1123
Devon Wylie,2139,WR,8506,14923,25817,1133
Keshawn Martin,2141,WR,8481,14916,25831,1102
Randy Bullock,2148,PK,8478,15091,25871,1099
Greg Zuerlein,2150,PK,8608,14993,25881,1266
Alfred Morris,2151,RB,8630,15009,25883,1170
Blair Walsh,2152,PK,8524,15058,25885,1214
David Paulson,2166,TE,8571,15043,25950,1091
Brad Smelley,2169,TE,8443,15055,25957,1314
Jarrett Boykin,2177,WR,8831,15358,26083,1173
Brandon Bolden,2179,RB,9114,15478,26389,1034
Derek Carrier,2185,TE,8938,15403,26416,1718
Case Keenum,2190,QB,8800,15168,26483,1737
Damaris Johnson,2191,WR,8952,15624,26004,1030
Deonte Thompson,2194,WR,8662,15503,26456,1061
Josh Gordon,2198,WR,9235,15705,26561,1244
Lance Dunbar,2199,RB,8739,15369,26064,1284
Cole Beasley,2208,WR,8735,15349,26060,1144
Justin Tucker,2210,PK,8663,15683,26534,1264
Travaris Cadet,2212,RB,8904,15457,26024,1185
Jeremy Stewart,2233,RB,8955,15572,26007,1293
Josh Bellamy,2236,WR,8844,15555,26108,1312
Michael Preston,2237,WR,8189,14610,25144,1313
Mike Brown,2241,WR,9099,15448,26335,1321
Darren Fells,2247,TE,9287,15773,26612,1592
A.J. Green,2273,WR,7369,13983,24791,830
Blaine Gabbert,2274,QB,7368,13987,24797,862
Ryan Mallett,2275,QB,7428,14037,24861,810
Julio Jones,2276,WR,7372,13982,24793,947
Cam Newton,2277,QB,7378,13994,24788,954
Mark Ingram,2278,RB,7371,13981,24815,956
Christian Ponder,2284,QB,7380,13966,24799,941
Jacquizz Rodgers,2288,RB,7566,14193,24932,949
Jordan Todman,2289,RB,7597,14186,24970,895
Shane Vereen,2291,RB,7450,14017,24843,814
Randall Cobb,2296,WR,7401,14053,24851,928
Tandon Doss,2298,WR,7491,14190,24910,822
Austin Pettis,2299,WR,7439,14035,24865,966
Kyle Rudolph,2300,TE,7444,14054,24830,943
Andy Dalton,2301,QB,7404,14012,24822,829
Lance Kendricks,2303,TE,7425,14007,24834,964
Robert Housler,2305,TE,7416,14009,24856,971
Stevan Ridley,2306,RB,7443,14028,24860,811
Luke Stocker,2310,TE,7589,14099,24891,963
Kris Durham,2312,WR,7492,14095,24894,990
Taiwan Jones,2318,RB,7526,14167,24912,886
Bilal Powell,2319,RB,7561,14129,24913,818
Anthony Sherman,2324,RB,7580,14135,24923,973
Denarius Moore,2326,WR,7550,14153,24935,887
Dion Lewis,2327,RB,7535,14198,24936,788
Jeremy Kerley,2329,WR,7530,14151,24940,817
Niles Paul,2330,TE,7556,14156,24942,918
Lee Smith,2331,TE,7585,14215,24946,812
Ryan Whalen,2333,WR,7599,14131,24954,832
Dwayne Harris,2335,WR,7508,14100,24963,902
Tyrod Taylor,2338,QB,7592,14163,24967,827
Virgil Green,2341,TE,7502,14085,24991,868
Ryan Taylor,2344,TE,7591,14213,25005,934
Kai Forbath,2364,PK,8288,14816,25648,1287
Dan Bailey,2382,PK,8027,14322,25427,899
Konrad Reuland,2392,TE,8249,14434,25223,984
Doug Baldwin,2394,WR,7869,14221,25105,988
DuJuan Harris,2395,RB,7787,14255,25117,863
Andrew Hawkins,2406,WR,7348,13958,24774,831
Andre Holmes,2416,WR,8219,14403,25234,940
Kevin Cone,2420,WR,8287,14818,25658,945
Shaun Draughn,2423,RB,7966,14518,25481,913
Jeremy Ross,2428,WR,8139,14500,25312,1306
Chris Hogan,2434,WR,8246,14402,25178,1329
Matt Asiata,2436,RB,8213,14360,25238,936
Will Johnson,2437,RB,8375,14870,25706,1250
Jim Dray,2450,TE,6690,13357,24208,626
Erik Lorig,2456,RB,6733,13407,24229,747
Joique Bell,2465,RB,6834,13536,24262,736
David Nelson,2474,WR,7039,13621,24272,506
Victor Cruz,2479,WR,6881,13553,24553,719
Marlon Moore,2484,WR,7031,13616,24280,511
Richie Brockel,2517,TE,6845,13538,24431,1014
Tyler Clutts,2518,RB,7342,13945,24769,1001
Seyi Ajirotutu,2529,WR,6811,13524,24435,570
Sam Bradford,2530,QB,6558,13197,23976,621
C.J. Spiller,2532,RB,6578,13203,23984,507
Dez Bryant,2533,WR,6559,13215,23999,574
Golden Tate,2534,WR,6642,13217,24035,642
Ryan Mathews,2540,RB,6568,13204,23987,571
Dexter McCluster,2542,RB,6624,13207,24011,564
Tim Tebow,2544,TE,6580,13200,24000,559
Toby Gerhart,2550,RB,6608,13211,24026,604
Demaryius Thomas,2553,WR,6581,13216,23997,560
Carlton Mitchell,2555,WR,6746,13222,24153,534
Colt McCoy,2559,QB,6625,13199,24060,533
Rob Gronkowski,2561,TE,6611,13229,24017,515
Ed Dickson,2564,TE,6604,13272,24045,701
Emmanuel Sanders,2565,WR,6636,13295,24057,538
Andre Roberts,2566,WR,6634,13226,24063,627
Tony Moeaki,2569,TE,6628,13289,24068,565
Jimmy Graham,2570,TE,6610,13232,24070,616
Marcus Easley,2572,WR,6692,13224,24082,999
Dennis Pitta,2573,TE,6759,13231,24089,527
Garrett Graham,2574,TE,6705,13371,24093,543
John Conner,2578,RB,6675,13341,24115,520
Riley Cooper,2582,WR,6678,13225,24135,582
James Starks,2593,RB,6782,13214,24169,762
Antonio Brown,2594,WR,6660,13934,24171,536
Trindon Holliday,2595,WR,6714,13386,24173,1003
Joe Webb,2597,QB,6799,13484,24175,606
Antone Smith,2605,RB,6432,13158,9707,609
Michael Crabtree,2619,WR,6047,12563,9274,455
Matthew Stafford,2621,QB,6038,12483,9265,421
Brandon Pettigrew,2626,TE,6057,12549,9284,465
LeSean McCoy,2627,RB,6090,12514,9317,676
Darrius Heyward-Bey,2629,WR,6044,12570,9271,394
Chase Coffman,2630,TE,6135,12536,9362,352
Donald Brown,2631,RB,6064,12489,9291,377
Kenny Britt,2635,WR,6067,12556,9294,366
Jared Cook,2638,TE,6126,12537,9353,367
James Casey,2640,TE,6189,12535,9416,372
Brandon Tate,2647,WR,6120,12597,9347,346
Mike Wallace,2648,WR,6121,12601,9348,365
Brian Hartline,2655,WR,6145,12568,9372,339
Louis Murphy,2659,WR,6161,12585,9388,396
Brandon Myers,2685,TE,6239,12705,9466,397
John Phillips,2687,TE,6245,12550,9472,406
Julian Edelman,2695,WR,6269,12649,9496,344
David Johnson,2699,TE,11187,12506,9505,362
Ryan Succop,2707,PK,6293,12731,9520,391
Graham Gano,2713,PK,6304,12460,9526,503
Chase Daniel,2720,QB,6353,12471,9678,490
Brian Hoyer,2722,QB,6324,12477,9547,345
Joe Flacco,2752,QB,5336,11252,8795,19
Chad Henne,2754,QB,5343,11291,8834,89
DeSean Jackson,2755,WR,5324,11283,8826,147
Darren McFadden,2761,RB,5358,11238,8781,326
Matt Ryan,2765,QB,5371,11237,8780,24
Eddie Royal,2771,WR,5370,11276,8819,297
Jerome Simpson,2773,WR,5375,11280,8823,321
Harry Douglas,2779,WR,5414,11318,8861,247
Jacob Tamme,2790,TE,5513,11373,8916,32
Matt Slater,2798,WR,5541,11387,8930,312
Kellen Davis,2801,TE,5410,11392,8935,328
Josh Johnson,2802,QB,5479,11394,8937,260
Josh Morgan,2808,WR,5509,11408,8951,222
Pierre Garcon,2820,WR,5381,11439,8982,269
Danny Amendola,2844,WR,5595,11674,9037,491
Mike Tolbert,2848,RB,5888,11658,9043,182
Steven Hauschka,2849,PK,5700,11923,9066,775
Marcel Reece,2875,RB,5815,11717,9158,126
Adrian Peterson,2878,RB,4893,10452,8261,184
Marshawn Lynch,2881,RB,4789,10456,8266,745
Ted Ginn Jr.,2883,WR,4710,10453,8263,695
Greg Olsen,2888,TE,4828,10475,8285,58
Drew Stanton,2899,QB,4901,10487,8297,181
Matt Spaeth,2905,TE,4875,10521,8331,250
Mason Crosby,2906,PK,4715,10636,8447,59
Jacoby Jones,2914,WR,4674,10517,8327,203
Dante Rosario,2933,TE,4868,10598,8409,86
Brent Celek,2935,TE,4697,10605,8416,221
Nick Folk,2939,PK,4780,10621,8432,650
Eric Weems,2996,WR,4948,10770,8609,130
DeAngelo Williams,3006,RB,4404,9613,7776,306
Marcedes Lewis,3007,TE,4007,9614,7777,111
Kellen Clemens,3013,QB,4023,9635,7798,198
Anthony Fasano,3015,TE,3911,9639,7802,51
Tarvaris Jackson,3019,QB,3927,9650,7813,154
Charlie Whitehurst,3024,QB,4411,9667,7830,698
Owen Daniels,3032,TE,4040,9684,7847,64
Jason Avant,3037,WR,3952,9695,7858,71
Stephen Gostkowski,3040,PK,3986,9704,7867,110
Delanie Walker,3060,TE,4353,9761,7924,284
Bruce Gradkowski,3066,QB,4004,9780,7943,393
Marques Colston,3080,WR,4072,9838,8001,201
Matt Prater,3130,PK,4221,11122,8565,17
Alex Smith,3138,QB,3356,8416,7177,268
Ronnie Brown,3139,RB,3014,8417,40679,258
Aaron Rodgers,3147,QB,3452,8439,7200,96
Mike Nugent,3154,PK,3364,8461,7223,658
Vincent Jackson,3158,WR,3058,8475,7237,128
Frank Gore,3159,RB,2848,8479,7241,232
Alex Smith,3163,TE,3412,8485,7247,661
Ryan Fitzpatrick,3220,QB,3011,8664,7426,333
Nate Washington,3227,WR,3630,9307,7492,370
Robbie Gould,3228,PK,2882,9354,7520,49
Malcom Floyd,3235,WR,2487,6016,7149,316
Eli Manning,3236,QB,1181,5526,6760,188
Larry Fitzgerald,3238,WR,1732,5528,6762,223
Philip Rivers,3239,QB,326,5529,6763,331
Ben Roethlisberger,3243,QB,394,5536,6770,138
Matt Schaub,3267,QB,1431,5615,6849,178
Jerricho Cotchery,3271,WR,2010,5633,6867,155
Carson Palmer,3332,QB,743,4459,6337,91
Anquan Boldin,3350,WR,270,4512,6390,655
Jason Witten,3355,TE,2161,4527,6405,23
Antonio Gates,3424,TE,64,5362,6663,322
Tony Romo,3426,QB,387,5209,6624,142
Josh McCown,3457,QB,1187,3609,5967,208
Matt Bryant,3527,PK,2376,4333,6243,127
Drew Brees,3544,QB,325,2580,5479,289
Sebastian Janikowski,3633,PK,407,2148,5046,118
Tom Brady,3693,QB,309,2330,5228,167
Adam Vinatieri,4022,PK,2074,1097,3727,120
Josh Ali,4548,WR,17573,4259976,34719,8931
Shaun Hill,4879,QB,935,4260,6169,686
ARI,5151,DST,2328,-16022,100022,ARI
ATL,5152,DST,2329,-16001,100001,ATL
BAL,5153,DST,2330,-16033,100033,BAL
BUF,5154,DST,2331,-16002,100002,BUF
CAR,5155,DST,2332,-16029,100029,CAR
CHI,5156,DST,2333,-16003,100003,CHI
CIN,5157,DST,2334,-16004,100004,CIN
CLE,5158,DST,2335,-16005,100005,CLE
DAL,5159,DST,2336,-16006,100006,DAL
DEN,5160,DST,2337,-16007,100007,DEN
DET,5161,DST,2338,-16008,100008,DET
GB,5162,DST,2339,-16009,100009,GB
HOU,5163,DST,2340,-16034,100034,HOU
IND,5164,DST,2341,-16011,100011,IND
JAX,5165,DST,2342,-16030,100030,JAX
KC,5166,DST,2343,-16012,100012,KC
LAC,5167,DST,2353,-16024,100024,LAC
LAR,5168,DST,2356,-16014,100014,LAR
LV,5169,DST,2350,-16013,100013,LV
MIA,5170,DST,2344,-16015,100015,MIA
MIN,5171,DST,2345,-16016,100016,MIN
NE,5172,DST,2346,-16017,100017,NE
NO,5173,DST,2347,-16018,100018,NO
NYG,5174,DST,2348,-16019,100019,NYG
NYJ,5175,DST,2349,-16020,100020,NYJ
PHI,5176,DST,2351,-16021,100021,PHI
PIT,5177,DST,2352,-16023,100023,PIT
SEA,5178,DST,2354,-16026,100026,SEA
SF,5179,DST,2355,-16025,100025,SF
TB,5180,DST,2357,-16027,100027,TB
TEN,5181,DST,2358,-16010,100010,TEN
WAS,5182,DST,2359,-16028,100028,WAS
Elijah Cooks,5185,WR,17923,4241588,40374,11139
David Wells,5186,TE,14058,3047536,31283,5235
Kearis Jackson,5187,WR,17866,4361778,40326,11099
